#include <cstdint>

inline std::uint8_t qo0_icons[41692] = {
0x89, 0x50, 0x4E, 0x47, 0x0D, 0x0A, 0x1A, 0x0A, 0x00, 0x00, 0x00, 0x0D, 0x49, 0x48, 0x44, 0x52,
0x00, 0x00, 0x06, 0x00, 0x00, 0x00, 0x04, 0x00, 0x08, 0x03, 0x00, 0x00, 0x00, 0x10, 0xAF, 0x62,
0x70, 0x00, 0x00, 0x00, 0x01, 0x73, 0x52, 0x47, 0x42, 0x00, 0xAE, 0xCE, 0x1C, 0xE9, 0x00, 0x00,
0x00, 0x04, 0x67, 0x41, 0x4D, 0x41, 0x00, 0x00, 0xB1, 0x8F, 0x0B, 0xFC, 0x61, 0x05, 0x00, 0x00,
0x00, 0xAE, 0x50, 0x4C, 0x54, 0x45, 0xA6, 0xA6, 0xA6, 0xA5, 0xA5, 0xA5, 0xA4, 0xA4, 0xA4, 0xA3,
0xA3, 0xA3, 0xA2, 0xA2, 0xA2, 0xA1, 0xA1, 0xA1, 0xA0, 0xA0, 0xA0, 0x9F, 0x9F, 0x9F, 0x9E, 0x9E,
0x9E, 0x9D, 0x9D, 0x9D, 0x9C, 0x9C, 0x9C, 0x9B, 0x9B, 0x9B, 0xD5, 0xD5, 0xD5, 0xA7, 0xA7, 0xA7,
0xA8, 0xA8, 0xA8, 0xA9, 0xA9, 0xA9, 0xAA, 0xAA, 0xAA, 0xAB, 0xAB, 0xAB, 0xAC, 0xAC, 0xAC, 0xAD,
0xAD, 0xAD, 0xAE, 0xAE, 0xAE, 0xAF, 0xAF, 0xAF, 0xB0, 0xB0, 0xB0, 0xB1, 0xB1, 0xB1, 0x98, 0x98,
0x98, 0xB2, 0xB2, 0xB2, 0xB3, 0xB3, 0xB3, 0xB4, 0xB4, 0xB4, 0xB5, 0xB5, 0xB5, 0xB6, 0xB6, 0xB6,
0xB7, 0xB7, 0xB7, 0xB8, 0xB8, 0xB8, 0xB9, 0xB9, 0xB9, 0xBA, 0xBA, 0xBA, 0xBB, 0xBB, 0xBB, 0xBC,
0xBC, 0xBC, 0xBD, 0xBD, 0xBD, 0xBE, 0xBE, 0xBE, 0xC2, 0xC2, 0xC2, 0xC1, 0xC1, 0xC1, 0xC3, 0xC3,
0xC3, 0xC0, 0xC0, 0xC0, 0xC4, 0xC4, 0xC4, 0xBF, 0xBF, 0xBF, 0xC5, 0xC5, 0xC5, 0xCA, 0xCA, 0xCA,
0xC9, 0xC9, 0xC9, 0xCB, 0xCB, 0xCB, 0xC8, 0xC8, 0xC8, 0xCC, 0xCC, 0xCC, 0xC7, 0xC7, 0xC7, 0xCD,
0xCD, 0xCD, 0xC6, 0xC6, 0xC6, 0xCE, 0xCE, 0xCE, 0xD1, 0xD1, 0xD1, 0xD2, 0xD2, 0xD2, 0xD0, 0xD0,
0xD0, 0x00, 0x00, 0x00, 0x84, 0xB4, 0xB4, 0x59, 0x00, 0x00, 0x00, 0x3A, 0x74, 0x52, 0x4E, 0x53,
0xFF, 0xFF, 0xFF, 0xFF, 0xFF, 0xFF, 0xFF, 0xFF, 0xFF, 0xFF, 0xFF, 0xFF, 0xFF, 0xFF, 0xFF, 0xFF,
0xFF, 0xFF, 0xFF, 0xFF, 0xFF, 0xFF, 0xFF, 0xFF, 0xFF, 0xFF, 0xFF, 0xFF, 0xFF, 0xFF, 0xFF, 0xFF,
0xFF, 0xFF, 0xFF, 0xFF, 0xFF, 0xFF, 0xFF, 0xFF, 0xFF, 0xFF, 0xFF, 0xFF, 0xFF, 0xFF, 0xFF, 0xFF,
0xFF, 0xFF, 0xFF, 0xFF, 0xFF, 0xFF, 0xFF, 0xFF, 0xFF, 0x00, 0x37, 0xC0, 0xFF, 0x0A, 0x00, 0x00,
0x00, 0x09, 0x70, 0x48, 0x59, 0x73, 0x00, 0x00, 0x0E, 0xC3, 0x00, 0x00, 0x0E, 0xC3, 0x01, 0xC7,
0x6F, 0xA8, 0x64, 0x00, 0x00, 0x00, 0x19, 0x74, 0x45, 0x58, 0x74, 0x53, 0x6F, 0x66, 0x74, 0x77,
0x61, 0x72, 0x65, 0x00, 0x50, 0x61, 0x69, 0x6E, 0x74, 0x2E, 0x4E, 0x45, 0x54, 0x20, 0x35, 0x2E,
0x31, 0x2E, 0x31, 0x31, 0x8A, 0x08, 0x16, 0xCE, 0x00, 0x00, 0x49, 0x1C, 0x49, 0x44, 0x41, 0x54,
0x78, 0x5E, 0xED, 0xDD, 0xE9, 0x9A, 0xEC, 0xB6, 0x91, 0x6E, 0x61, 0x59, 0x1E, 0x25, 0xB7, 0x2D,
0x79, 0xD4, 0xF1, 0xA8, 0xD9, 0x56, 0xCB, 0x72, 0x7B, 0x1E, 0xEA, 0xFE, 0x6F, 0xEC, 0x3C, 0x39,
0x12, 0xFC, 0x10, 0x24, 0x01, 0x12, 0x64, 0x82, 0x11, 0xEB, 0xFD, 0xD5, 0xAE, 0x5D, 0x95, 0x1B,
0x64, 0xA5, 0xB0, 0x14, 0x60, 0xB6, 0xFD, 0xCE, 0x1B, 0x00, 0x20, 0xA4, 0x77, 0xF4, 0x0B, 0x00,
0x80, 0x18, 0x08, 0x00, 0x00, 0x04, 0x45, 0x00, 0x00, 0x20, 0x28, 0x02, 0x00, 0x00, 0x41, 0x11,
0x00, 0x00, 0x08, 0x8A, 0x00, 0x00, 0x40, 0x50, 0x04, 0x00, 0x00, 0x82, 0x22, 0x00, 0x00, 0x10,
0x14, 0x01, 0x00, 0x80, 0xA0, 0x08, 0x00, 0x00, 0x04, 0x45, 0x00, 0x00, 0x20, 0x28, 0x02, 0x00,
0x00, 0x41, 0x11, 0x00, 0x00, 0x08, 0x8A, 0x00, 0x00, 0x40, 0x50, 0x04, 0x00, 0x00, 0x82, 0x22,
0x00, 0x00, 0x10, 0x14, 0x01, 0x00, 0x80, 0xA0, 0x08, 0x00, 0x00, 0x04, 0x45, 0x00, 0x00, 0x20,
0x28, 0x02, 0x00, 0x00, 0x41, 0x11, 0x00, 0x00, 0x08, 0x8A, 0x00, 0x00, 0x40, 0x50, 0x04, 0x00,
0x00, 0x82, 0x22, 0x00, 0x00, 0x10, 0x14, 0x01, 0x00, 0x80, 0xA0, 0x08, 0x00, 0x00, 0x04, 0x45,
0x00, 0x00, 0x20, 0x28, 0x02, 0x00, 0x00, 0x41, 0x11, 0x00, 0x00, 0x08, 0x8A, 0x00, 0x00, 0x40,
0x50, 0x04, 0x00, 0x00, 0x82, 0x22, 0x00, 0x00, 0x10, 0x14, 0x01, 0x00, 0x80, 0xA0, 0x08, 0x00,
0x00, 0x04, 0x45, 0x00, 0x00, 0x20, 0x28, 0x02, 0x00, 0x00, 0x41, 0x11, 0x00, 0x00, 0x08, 0x8A,
0x00, 0x00, 0x40, 0x50, 0x04, 0x00, 0x00, 0x82, 0x22, 0x00, 0x00, 0x10, 0x14, 0x01, 0x00, 0x80,
0xA0, 0x08, 0x00, 0x00, 0x04, 0x45, 0x00, 0x00, 0x20, 0x28, 0x02, 0x00, 0x00, 0x41, 0x11, 0x00,
0x00, 0x08, 0x8A, 0x00, 0x00, 0x40, 0x50, 0x04, 0x00, 0x00, 0x82, 0x22, 0x00, 0x00, 0x10, 0x14,
0x01, 0x00, 0x80, 0xA0, 0x08, 0x00, 0x00, 0x04, 0x45, 0x00, 0x00, 0x20, 0x28, 0x02, 0x00, 0x00,
0x41, 0x11, 0x00, 0x00, 0x08, 0x8A, 0x00, 0x00, 0x40, 0x50, 0x04, 0x00, 0x00, 0x82, 0x22, 0x00,
0x00, 0x10, 0x14, 0x01, 0x00, 0x80, 0xA0, 0x08, 0x00, 0x00, 0x04, 0x45, 0x00, 0x00, 0x20, 0x28,
0x02, 0x00, 0x00, 0x41, 0x11, 0x00, 0x00, 0x08, 0x8A, 0x00, 0x00, 0x40, 0x50, 0x04, 0x00, 0x00,
0x82, 0x22, 0x00, 0x00, 0x10, 0x14, 0x01, 0x00, 0x80, 0xA0, 0x08, 0x00, 0x00, 0x04, 0x45, 0x00,
0x00, 0x20, 0x28, 0x02, 0x00, 0x00, 0x41, 0x11, 0x00, 0x00, 0x08, 0x8A, 0x00, 0x00, 0x40, 0x50,
0x04, 0x00, 0x00, 0x82, 0x22, 0x00, 0x00, 0x10, 0x14, 0x01, 0x00, 0x80, 0xA0, 0x08, 0x00, 0x00,
0x04, 0x45, 0x00, 0x00, 0x20, 0x28, 0x02, 0x00, 0x00, 0x41, 0x11, 0x00, 0x00, 0x08, 0x8A, 0x00,
0x00, 0x40, 0x50, 0x04, 0x00, 0x00, 0x82, 0x22, 0x00, 0x00, 0x10, 0x14, 0x01, 0x00, 0x80, 0xA0,
0x08, 0x00, 0x00, 0x04, 0x45, 0x00, 0x00, 0x20, 0x28, 0x02, 0x00, 0x00, 0x41, 0x11, 0x00, 0x00,
0x08, 0x8A, 0x00, 0x00, 0x40, 0x50, 0x04, 0x00, 0x00, 0x82, 0x22, 0x00, 0x00, 0x10, 0x14, 0x01,
0x00, 0x80, 0xA0, 0x08, 0x00, 0x00, 0x04, 0x45, 0x00, 0x00, 0x20, 0x28, 0x02, 0x00, 0x00, 0x41,
0x11, 0x00, 0x00, 0x08, 0x8A, 0x00, 0x00, 0x40, 0x50, 0x04, 0x00, 0x00, 0x82, 0x22, 0x00, 0x00,
0x10, 0x14, 0x01, 0x00, 0x80, 0xA0, 0x08, 0x00, 0x00, 0x04, 0x45, 0x00, 0x00, 0x20, 0x28, 0x02,
0x00, 0x00, 0x41, 0x11, 0x00, 0x00, 0x08, 0x8A, 0x00, 0x00, 0x40, 0x50, 0x04, 0x00, 0x00, 0x82,
0x22, 0x00, 0x00, 0x10, 0x14, 0x01, 0x00, 0x80, 0xA0, 0x08, 0x00, 0x00, 0x04, 0x45, 0x00, 0x00,
0x20, 0x28, 0x02, 0x00, 0x00, 0x41, 0x11, 0x00, 0x00, 0x08, 0x8A, 0x00, 0x00, 0x40, 0x50, 0x04,
0x00, 0x00, 0x82, 0x22, 0x00, 0x00, 0x10, 0x14, 0x01, 0x00, 0x80, 0xA0, 0x08, 0x00, 0x00, 0x04,
0x45, 0x00, 0x00, 0x20, 0x28, 0x02, 0x00, 0x00, 0x41, 0x11, 0x00, 0x00, 0x08, 0x8A, 0x00, 0x00,
0x40, 0x50, 0x04, 0x00, 0x00, 0x82, 0x22, 0x00, 0x00, 0x10, 0x14, 0x01, 0x00, 0x80, 0xA0, 0x08,
0x00, 0x00, 0x04, 0x45, 0x00, 0x00, 0x20, 0x28, 0x02, 0x00, 0x00, 0x41, 0x11, 0x00, 0x00, 0x08,
0x8A, 0x00, 0x00, 0x40, 0x50, 0x04, 0x00, 0x00, 0x82, 0x22, 0x00, 0x00, 0x10, 0x14, 0x01, 0x00,
0x80, 0xA0, 0x08, 0x00, 0x00, 0x04, 0x45, 0x00, 0x00, 0x20, 0x28, 0x02, 0x00, 0x00, 0x41, 0x11,
0x00, 0x00, 0x08, 0x8A, 0x00, 0x00, 0x40, 0x50, 0x04, 0x00, 0x00, 0x82, 0x22, 0x00, 0x00, 0x10,
0x14, 0x01, 0x00, 0x80, 0xA0, 0x08, 0x80, 0x7F, 0xEF, 0xBC, 0xF3, 0xAD, 0xA7, 0x77, 0xDF, 0x7D,
0xF7, 0xDD, 0x6F, 0x0F, 0xBE, 0xF3, 0xF4, 0xDD, 0xC1, 0xF7, 0xEE, 0xBE, 0x3F, 0xF8, 0xC1, 0xD3,
0x7B, 0x77, 0xEF, 0x0F, 0x7E, 0xD8, 0x8C, 0xAE, 0x1C, 0xC0, 0xAE, 0x08, 0x80, 0x7B, 0xEF, 0xA4,
0x01, 0x90, 0x02, 0x0C, 0x01, 0x48, 0x0A, 0xF0, 0x08, 0x40, 0x52, 0x80, 0x21, 0x00, 0x46, 0x01,
0x74, 0x1B, 0x0F, 0x4D, 0xEF, 0x3E, 0xD0, 0x33, 0x02, 0xE0, 0xDE, 0x3B, 0xA3, 0x02, 0x5C, 0x02,
0x50, 0x5A, 0x80, 0xD9, 0x11, 0x80, 0x02, 0x2C, 0xD1, 0x5F, 0x04, 0xD0, 0x1D, 0x02, 0xE0, 0xDE,
0x25, 0x00, 0x9B, 0x0F, 0x81, 0x66, 0x47, 0x00, 0x0A, 0xB0, 0x40, 0x7F, 0x25, 0x40, 0x27, 0x08,
0x80, 0x7B, 0x12, 0x80, 0x9A, 0x43, 0x20, 0x46, 0x80, 0xC6, 0xF4, 0x77, 0x03, 0xBC, 0x16, 0x01,
0x70, 0xEF, 0x1A, 0x00, 0x46, 0x80, 0x9E, 0xE8, 0xAF, 0x08, 0x78, 0x11, 0x02, 0xE0, 0x9E, 0x06,
0xA0, 0x66, 0x04, 0x30, 0x0B, 0xC0, 0x08, 0xD0, 0x8A, 0xFE, 0xAA, 0x80, 0x83, 0x11, 0x00, 0xF7,
0x6E, 0x01, 0x28, 0x79, 0x0E, 0x3C, 0x3B, 0x02, 0x18, 0x05, 0x60, 0x04, 0x68, 0x42, 0x7F, 0x61,
0xC0, 0x61, 0x08, 0x80, 0x7B, 0x59, 0x00, 0x4A, 0x0E, 0x81, 0x66, 0x47, 0x00, 0xA3, 0x00, 0xBA,
0xA9, 0xE1, 0x87, 0x3F, 0xFC, 0xE1, 0xFF, 0xDC, 0xE9, 0xD7, 0x2D, 0xFA, 0x5B, 0x03, 0x8E, 0x40,
0x00, 0xDC, 0xBB, 0x07, 0xA0, 0x64, 0x04, 0x30, 0x0A, 0x30, 0x3B, 0x02, 0x50, 0x80, 0x59, 0x8F,
0x00, 0x3C, 0xE9, 0x37, 0x28, 0xFD, 0xD5, 0x01, 0x3B, 0x23, 0x00, 0xEE, 0x3D, 0x02, 0xC0, 0x73,
0xE0, 0x97, 0xD0, 0x08, 0x5C, 0xE8, 0xF7, 0xA4, 0xF4, 0xD7, 0x07, 0xEC, 0x88, 0x00, 0xB8, 0xF7,
0xA3, 0x3C, 0x00, 0x35, 0xCF, 0x81, 0x19, 0x01, 0x5A, 0xD0, 0x04, 0x5C, 0xE9, 0x37, 0x3D, 0xE9,
0xAF, 0x10, 0xD8, 0x09, 0x01, 0x70, 0xEF, 0x19, 0x80, 0xCD, 0x23, 0x80, 0x51, 0x00, 0x46, 0x80,
0x0A, 0x1A, 0x80, 0x1B, 0xFD, 0xAE, 0x3B, 0xFD, 0x35, 0x02, 0x3B, 0x20, 0x00, 0xEE, 0xFD, 0x68,
0xE3, 0x08, 0x50, 0x7A, 0x08, 0xA4, 0x3B, 0x18, 0x4C, 0xBA, 0xFF, 0xDF, 0xE9, 0xB7, 0x5D, 0xE8,
0x6F, 0x12, 0x68, 0x8D, 0x00, 0xB8, 0xF7, 0x23, 0xAB, 0x00, 0x93, 0xCF, 0x81, 0x19, 0x01, 0x0E,
0xA0, 0xBB, 0xFF, 0x83, 0x7E, 0x1F, 0x0D, 0xC0, 0xCE, 0x08, 0x80, 0x7B, 0x49, 0x00, 0xEA, 0x0E,
0x81, 0x18, 0x01, 0xF6, 0xA4, 0x9B, 0xFF, 0x83, 0x7E, 0x1F, 0x0D, 0xC0, 0x8E, 0x08, 0x80, 0x7B,
0x3F, 0x32, 0x47, 0x80, 0x9A, 0x43, 0xA0, 0xD9, 0x11, 0x80, 0x02, 0xAC, 0xA7, 0x9B, 0xFF, 0x83,
0x7E, 0x9F, 0xFE, 0x4A, 0x81, 0x46, 0x08, 0x80, 0x7B, 0x69, 0x00, 0xEA, 0x46, 0x00, 0xA3, 0x00,
0xB3, 0x23, 0x00, 0x05, 0xA8, 0xA7, 0x7B, 0xFF, 0x83, 0x7C, 0x9B, 0xFE, 0x52, 0x81, 0x26, 0x08,
0x80, 0x7B, 0x97, 0x00, 0x6C, 0x1C, 0x01, 0xCC, 0x02, 0x30, 0x02, 0xB4, 0xA2, 0x9B, 0xFF, 0x9D,
0x7C, 0x97, 0xFE, 0x5E, 0x81, 0xED, 0x08, 0x80, 0x7B, 0xA3, 0x00, 0x6C, 0x1E, 0x01, 0x8C, 0x02,
0x30, 0x02, 0x34, 0xA0, 0xBB, 0xFF, 0xCD, 0xF8, 0x7B, 0xF4, 0x37, 0x0B, 0x6C, 0x45, 0x00, 0xDC,
0xBB, 0x06, 0x60, 0x8F, 0x11, 0xC0, 0x28, 0xC0, 0x78, 0xC3, 0x42, 0x1D, 0xDD, 0xFE, 0xAF, 0x46,
0xDF, 0xA1, 0xBF, 0x5B, 0x60, 0x1B, 0x02, 0xE0, 0xDE, 0x2D, 0x00, 0x46, 0x01, 0x9A, 0x7D, 0x14,
0x94, 0x02, 0x34, 0xA3, 0xDB, 0xFF, 0xD5, 0xE8, 0x3B, 0xF4, 0xD7, 0x0B, 0x6C, 0x40, 0x00, 0xDC,
0x93, 0x00, 0xD4, 0x1D, 0x02, 0xD5, 0x8E, 0x00, 0x14, 0x60, 0x33, 0xDD, 0xFE, 0xAF, 0xD2, 0x6F,
0xD0, 0x5F, 0x30, 0xB0, 0x1A, 0x01, 0x70, 0xEF, 0x1E, 0x00, 0x63, 0x04, 0xA8, 0x39, 0x04, 0x62,
0x04, 0x38, 0x90, 0x6E, 0xFF, 0x17, 0xE9, 0x9F, 0xEB, 0xAF, 0x18, 0x58, 0x89, 0x00, 0xB8, 0xA7,
0x01, 0xA8, 0x1B, 0x01, 0x8C, 0x02, 0x30, 0x02, 0x1C, 0x40, 0xF7, 0x7F, 0x12, 0x80, 0x3D, 0x10,
0x00, 0xF7, 0x1E, 0x01, 0xD8, 0x38, 0x02, 0x98, 0x05, 0x60, 0x04, 0xD8, 0x91, 0x06, 0x80, 0x04,
0xA0, 0x39, 0x02, 0xE0, 0xDE, 0x33, 0x00, 0x46, 0x01, 0xD6, 0x8D, 0x00, 0x46, 0x01, 0x18, 0x01,
0x76, 0xA1, 0x05, 0x48, 0x13, 0xA0, 0xBF, 0x67, 0xA0, 0x1E, 0x01, 0x70, 0x6F, 0x2E, 0x00, 0x25,
0x05, 0x98, 0x1D, 0x01, 0x8C, 0x02, 0x24, 0x7B, 0x14, 0x36, 0xD3, 0x02, 0xA4, 0x0D, 0xD0, 0xDF,
0x34, 0x50, 0x8B, 0x00, 0xB8, 0x37, 0x04, 0xC0, 0x28, 0xC0, 0xE4, 0x47, 0x41, 0x8D, 0x02, 0xCC,
0x8E, 0x00, 0x14, 0x60, 0x2F, 0x1A, 0x00, 0x12, 0x80, 0x76, 0x08, 0x80, 0x7B, 0x3F, 0xCE, 0x03,
0xB0, 0xF9, 0x10, 0x68, 0x76, 0x04, 0xA0, 0x00, 0x8D, 0x69, 0x00, 0x48, 0x00, 0x5A, 0x21, 0x00,
0xEE, 0x25, 0x01, 0x30, 0x46, 0x80, 0x9A, 0xE7, 0xC0, 0x8C, 0x00, 0xAF, 0xA2, 0x01, 0xE0, 0x59,
0x00, 0xDA, 0x20, 0x00, 0xEE, 0xFD, 0x98, 0x11, 0xC0, 0x01, 0x2D, 0x00, 0x43, 0x00, 0x5A, 0x20,
0x00, 0xEE, 0xFD, 0xD8, 0x2A, 0xC0, 0xBA, 0x11, 0xA0, 0xB4, 0x00, 0xE9, 0xCE, 0x85, 0x46, 0xB4,
0x00, 0x24, 0x00, 0xDB, 0x11, 0x00, 0xF7, 0x46, 0x01, 0x30, 0x0A, 0x30, 0xF9, 0x1C, 0x78, 0x76,
0x04, 0x30, 0x0E, 0x81, 0x18, 0x01, 0x76, 0xA6, 0x05, 0x20, 0x01, 0xD8, 0x8A, 0x00, 0xB8, 0xF7,
0xE3, 0xBA, 0x11, 0xC0, 0x2C, 0x00, 0x23, 0x40, 0x1F, 0xB4, 0x00, 0x43, 0x02, 0xF4, 0xB7, 0x0E,
0x94, 0x20, 0x00, 0xEE, 0x8D, 0x03, 0xB0, 0x5C, 0x80, 0x21, 0x00, 0x46, 0x01, 0x66, 0x47, 0x00,
0x0A, 0x70, 0x80, 0xA9, 0x02, 0x90, 0x00, 0xAC, 0x40, 0x00, 0xDC, 0xBB, 0x04, 0xC0, 0x18, 0x01,
0x78, 0x0E, 0x7C, 0x56, 0x53, 0x09, 0xD0, 0x5F, 0x3C, 0xB0, 0x88, 0x00, 0xB8, 0x27, 0x01, 0xD8,
0x38, 0x02, 0x98, 0x05, 0x60, 0x04, 0x38, 0x16, 0x09, 0x40, 0x23, 0x04, 0xC0, 0xBD, 0x6B, 0x00,
0xF6, 0x18, 0x01, 0x8C, 0x02, 0x30, 0x02, 0x1C, 0x84, 0x02, 0xA0, 0x09, 0x02, 0xE0, 0xDE, 0x2D,
0x00, 0x46, 0x01, 0x1A, 0x8E, 0x00, 0x46, 0x01, 0x46, 0xFB, 0x15, 0x9A, 0x23, 0x01, 0x68, 0x80,
0x00, 0xB8, 0x97, 0x05, 0xC0, 0x28, 0x00, 0x1F, 0x05, 0x3D, 0x21, 0x0A, 0x80, 0xCD, 0x08, 0x80,
0x7B, 0xF7, 0x00, 0x18, 0x23, 0x40, 0xDD, 0x21, 0x10, 0x23, 0x40, 0x77, 0x48, 0x00, 0x36, 0x22,
0x00, 0xEE, 0xE5, 0x01, 0x30, 0x46, 0x80, 0x9A, 0x43, 0xA0, 0xD9, 0x11, 0x80, 0x02, 0x1C, 0x8A,
0x02, 0x60, 0x13, 0x02, 0xE0, 0xDE, 0x23, 0x00, 0x9B, 0x47, 0x00, 0xA3, 0x00, 0xB3, 0x23, 0x00,
0x05, 0x38, 0x02, 0x09, 0xC0, 0x06, 0x04, 0xC0, 0x3D, 0x23, 0x00, 0x1B, 0x47, 0x00, 0xB3, 0x00,
0x8C, 0x00, 0x2F, 0x42, 0x01, 0xB0, 0x1E, 0x01, 0x70, 0xEF, 0x19, 0x80, 0x3D, 0x46, 0x00, 0xA3,
0x00, 0x8C, 0x00, 0x47, 0x23, 0x01, 0x58, 0x8B, 0x00, 0xB8, 0x37, 0x04, 0xC0, 0x28, 0x40, 0xC3,
0x11, 0xC0, 0x28, 0xC0, 0x68, 0x9B, 0xC2, 0x7E, 0x28, 0x00, 0xD6, 0x21, 0x00, 0xEE, 0x7D, 0x60,
0x05, 0xC0, 0x28, 0x40, 0xB3, 0x8F, 0x82, 0x52, 0x80, 0xE3, 0x25, 0x05, 0x78, 0x26, 0x40, 0xDF,
0x08, 0x40, 0x86, 0x00, 0xB8, 0x97, 0x04, 0xC0, 0x18, 0x01, 0x36, 0x1F, 0x02, 0xCD, 0x8E, 0x00,
0x14, 0xE0, 0x30, 0x46, 0x01, 0x48, 0x00, 0x96, 0x10, 0x00, 0xF7, 0x3E, 0x28, 0x1D, 0x01, 0x6A,
0x0E, 0x81, 0x18, 0x01, 0xBA, 0x93, 0x14, 0x80, 0x21, 0x00, 0x85, 0x08, 0x80, 0x7B, 0x69, 0x00,
0x18, 0x01, 0x3C, 0x33, 0x0A, 0x40, 0x02, 0x30, 0x8B, 0x00, 0xB8, 0xF7, 0xC1, 0x42, 0x01, 0xD6,
0x8D, 0x00, 0x66, 0x01, 0x18, 0x01, 0x5E, 0x8B, 0x02, 0xA0, 0x12, 0x01, 0x70, 0xEF, 0x83, 0x51,
0x01, 0x86, 0x00, 0x18, 0x05, 0x58, 0x37, 0x02, 0x18, 0x05, 0x60, 0x04, 0x78, 0x11, 0x12, 0x80,
0x2A, 0x04, 0xC0, 0xBD, 0x71, 0x00, 0x6A, 0x46, 0x00, 0xB3, 0x00, 0xB3, 0x23, 0x80, 0x51, 0x80,
0xD1, 0xFE, 0x84, 0xBD, 0x51, 0x00, 0xD4, 0x20, 0x00, 0xEE, 0x7D, 0x58, 0x39, 0x02, 0x94, 0x1E,
0x02, 0xCD, 0x8E, 0x00, 0x14, 0xE0, 0x55, 0x92, 0x02, 0xF0, 0x2C, 0x18, 0x4B, 0x08, 0x80, 0x7B,
0x12, 0x00, 0x63, 0x04, 0xD8, 0x7C, 0x08, 0x34, 0x3B, 0x02, 0x50, 0x80, 0x83, 0x19, 0x05, 0x20,
0x01, 0xB0, 0x11, 0x00, 0xF7, 0x3E, 0xAC, 0x19, 0x01, 0x6A, 0x9E, 0x03, 0x33, 0x02, 0x74, 0xCA,
0x28, 0x80, 0xBE, 0x29, 0x80, 0x2B, 0x02, 0xE0, 0xDE, 0x2D, 0x00, 0x66, 0x01, 0x18, 0x01, 0x7C,
0xA2, 0x00, 0x28, 0x44, 0x00, 0xDC, 0xFB, 0x50, 0x47, 0x00, 0xA3, 0x00, 0xEB, 0x46, 0x80, 0xD2,
0x02, 0x8C, 0x77, 0x27, 0xEC, 0x8F, 0x02, 0xA0, 0x0C, 0x01, 0x70, 0xEF, 0xC3, 0xAC, 0x00, 0x43,
0x00, 0x8C, 0x02, 0x4C, 0x3E, 0x07, 0x9E, 0x1D, 0x01, 0x8C, 0x43, 0x20, 0x46, 0x80, 0x57, 0x22,
0x01, 0x28, 0x41, 0x00, 0xDC, 0xCB, 0x03, 0x50, 0x33, 0x02, 0x98, 0x05, 0x60, 0x04, 0xE8, 0x1F,
0x05, 0x40, 0x01, 0x02, 0xE0, 0xDE, 0x25, 0x00, 0x35, 0x23, 0x40, 0xCD, 0x21, 0xD0, 0xEC, 0x08,
0x40, 0x01, 0x5E, 0x8A, 0x02, 0x60, 0x19, 0x01, 0x70, 0xCF, 0x08, 0x80, 0x31, 0x02, 0xF0, 0x1C,
0xD8, 0x1D, 0x0A, 0x80, 0x45, 0x04, 0xC0, 0xBD, 0x6B, 0x00, 0xF6, 0x1A, 0x01, 0xCC, 0x02, 0x30,
0x02, 0xF4, 0x21, 0x29, 0x00, 0x09, 0x80, 0x89, 0x00, 0xB8, 0x37, 0x04, 0xC0, 0x2C, 0x40, 0xB3,
0x11, 0xC0, 0x28, 0x00, 0x23, 0xC0, 0x6B, 0x51, 0x00, 0x2C, 0x20, 0x00, 0xEE, 0xDD, 0x02, 0xB0,
0x7C, 0x08, 0xD4, 0x70, 0x04, 0x30, 0x0A, 0x30, 0xDE, 0x99, 0x70, 0x0C, 0x0A, 0x80, 0x79, 0x04,
0xC0, 0xBD, 0x7B, 0x00, 0x6A, 0x0E, 0x81, 0xF8, 0x28, 0xA8, 0x17, 0x14, 0x00, 0xB3, 0x08, 0x80,
0x7B, 0x76, 0x00, 0x8C, 0x11, 0xA0, 0xEE, 0x10, 0xA8, 0x76, 0x04, 0xA0, 0x00, 0x2F, 0x91, 0x16,
0xE0, 0x91, 0x00, 0x7D, 0x87, 0x20, 0x2E, 0x02, 0xE0, 0xDE, 0x23, 0x00, 0x35, 0x23, 0x40, 0xCD,
0x21, 0xD0, 0xEC, 0x08, 0xC0, 0x21, 0xD0, 0xAB, 0x59, 0x05, 0x20, 0x01, 0xB8, 0x23, 0x00, 0xEE,
0x4D, 0x04, 0xA0, 0x7E, 0x04, 0xF8, 0x9F, 0x71, 0x00, 0x8C, 0x02, 0x30, 0x02, 0x74, 0x88, 0x02,
0x60, 0x1A, 0x01, 0x70, 0xEF, 0x19, 0x80, 0xAD, 0x23, 0x40, 0xBA, 0x91, 0x2C, 0x1E, 0x02, 0x31,
0x02, 0x74, 0x23, 0xFD, 0xBD, 0x51, 0x00, 0x8C, 0x10, 0x00, 0xF7, 0xC6, 0x01, 0x30, 0x0B, 0x50,
0x36, 0x02, 0x8C, 0x36, 0x92, 0x87, 0xC5, 0x43, 0x20, 0x46, 0x80, 0x97, 0x1B, 0xFD, 0xC2, 0x1E,
0x5F, 0xD4, 0xB7, 0x09, 0x42, 0x22, 0x00, 0xEE, 0xFD, 0x64, 0x6A, 0x04, 0x30, 0x0A, 0x30, 0x3F,
0x02, 0x4C, 0x34, 0xE0, 0x46, 0x03, 0x60, 0x14, 0x60, 0xBC, 0x2D, 0xE1, 0x30, 0xE3, 0xDF, 0xD4,
0xFD, 0x8B, 0xFA, 0x3E, 0x41, 0x44, 0x04, 0xC0, 0xBD, 0x24, 0x00, 0x35, 0x87, 0x40, 0x13, 0x1F,
0x05, 0x1D, 0xEF, 0x25, 0x16, 0x0D, 0x00, 0x05, 0x78, 0xBD, 0xF1, 0x6F, 0xE8, 0xFE, 0x45, 0x7D,
0xA3, 0x20, 0x20, 0x02, 0xE0, 0xDE, 0x4F, 0x6A, 0x46, 0x80, 0xF9, 0x43, 0xA0, 0xD2, 0x06, 0x5C,
0x19, 0x23, 0x00, 0x05, 0x78, 0x95, 0xF1, 0xAF, 0xE6, 0xFE, 0x45, 0x7D, 0xA7, 0x20, 0x1E, 0x02,
0xE0, 0x5E, 0x1A, 0x80, 0x9A, 0x11, 0xC0, 0x3E, 0x04, 0xBA, 0xF8, 0xEE, 0x78, 0x3B, 0x99, 0xC7,
0x08, 0xD0, 0x85, 0xF1, 0x2F, 0xE5, 0xFE, 0x45, 0x7D, 0xAB, 0x20, 0x1C, 0x02, 0xE0, 0xDE, 0x4F,
0x9A, 0x8F, 0x00, 0x97, 0x8F, 0x00, 0x8D, 0x37, 0x94, 0x65, 0x14, 0xE0, 0xC5, 0xC6, 0xBF, 0x8E,
0xFB, 0x17, 0xF5, 0xBD, 0x82, 0x68, 0x08, 0x80, 0x7B, 0xA3, 0x00, 0x2C, 0x17, 0xA0, 0x68, 0x04,
0xB8, 0x1A, 0x6F, 0x29, 0x65, 0x64, 0x57, 0xC2, 0x71, 0xCC, 0x5F, 0x84, 0xBE, 0x59, 0x10, 0x0C,
0x01, 0x70, 0xEF, 0x27, 0xD9, 0x08, 0x50, 0x7A, 0x08, 0x34, 0xF1, 0x1C, 0x78, 0xF8, 0xFF, 0x06,
0x1B, 0xEF, 0x29, 0x15, 0x64, 0x6F, 0xC2, 0x11, 0xCC, 0x5F, 0x81, 0xBE, 0x5B, 0x10, 0x0B, 0x01,
0x70, 0xEF, 0x12, 0x80, 0x9A, 0x43, 0xA0, 0xC9, 0x11, 0xC0, 0x28, 0xC0, 0x86, 0x06, 0x90, 0x81,
0xC3, 0x99, 0x77, 0x5F, 0xDF, 0x2E, 0x08, 0x85, 0x00, 0xB8, 0x27, 0x01, 0xA8, 0x79, 0x0E, 0x3C,
0x39, 0x02, 0xA4, 0xFF, 0x95, 0x40, 0xE3, 0x6D, 0xA5, 0x9E, 0xEC, 0x52, 0xD8, 0x8F, 0x79, 0xE3,
0xF5, 0xFD, 0x82, 0x48, 0x08, 0x80, 0x7B, 0xD7, 0x00, 0xD4, 0x8C, 0x00, 0xA5, 0xCF, 0x81, 0x1F,
0x05, 0xF8, 0xDE, 0xE6, 0x06, 0x50, 0x81, 0x83, 0x58, 0x37, 0x5D, 0xDF, 0x2F, 0x88, 0x84, 0x00,
0xB8, 0xA7, 0x01, 0xA8, 0x19, 0x01, 0x96, 0x9E, 0x03, 0xDF, 0x03, 0xD0, 0x22, 0x01, 0x17, 0xBA,
0x5F, 0xA1, 0x35, 0xEB, 0x7E, 0xEB, 0x1B, 0x06, 0x81, 0x10, 0x00, 0xF7, 0x6E, 0x01, 0x28, 0x79,
0x0E, 0xBC, 0x7E, 0x04, 0x68, 0xD7, 0x00, 0x2A, 0xB0, 0x2F, 0xEB, 0x5E, 0xEB, 0x3B, 0x06, 0x71,
0x10, 0x00, 0xF7, 0xB2, 0x00, 0x2C, 0x1F, 0x02, 0xAD, 0x18, 0x01, 0x5A, 0x26, 0x80, 0x0A, 0xEC,
0xC8, 0xBA, 0xCD, 0xFA, 0x96, 0x41, 0x18, 0x04, 0xC0, 0xBD, 0x7B, 0x00, 0xA6, 0x0B, 0x30, 0x04,
0xC0, 0x28, 0xC0, 0xE4, 0x73, 0xE0, 0x7C, 0x04, 0xB8, 0xFC, 0xB7, 0x82, 0x8E, 0xB6, 0x97, 0xAD,
0x64, 0xEB, 0x42, 0x13, 0xC6, 0x2D, 0xD6, 0xB7, 0x0C, 0xC2, 0x20, 0x00, 0xEE, 0x3D, 0x02, 0xB0,
0xDF, 0x73, 0xE0, 0xE7, 0x08, 0x70, 0xF9, 0xEF, 0x03, 0x1D, 0xED, 0x2F, 0xDB, 0xE9, 0xF6, 0x85,
0xCD, 0x8C, 0xFB, 0xAB, 0xEF, 0x19, 0x44, 0x41, 0x00, 0xDC, 0x33, 0x02, 0x50, 0x33, 0x02, 0xD4,
0x1C, 0x02, 0xDD, 0xFF, 0x47, 0x01, 0x46, 0x3B, 0x4C, 0x03, 0xBA, 0x83, 0x61, 0x1B, 0xE3, 0xE6,
0xEA, 0x9B, 0x06, 0x41, 0x10, 0x00, 0xF7, 0x9E, 0x01, 0xD8, 0x6F, 0x04, 0xD0, 0x02, 0x34, 0x4F,
0x00, 0x11, 0x68, 0xCA, 0xB8, 0xB1, 0xFA, 0xAE, 0x41, 0x0C, 0x04, 0xC0, 0x3D, 0x2B, 0x00, 0x7B,
0x8D, 0x00, 0xC9, 0xFF, 0x38, 0x58, 0xBA, 0xC9, 0xB4, 0x22, 0xFB, 0x18, 0xD6, 0xCA, 0x6F, 0xAA,
0xBE, 0x6B, 0x10, 0x03, 0x01, 0x70, 0x6F, 0x08, 0xC0, 0xFE, 0x1F, 0x05, 0x1D, 0xFD, 0xAF, 0x43,
0xA6, 0xBB, 0x4C, 0x33, 0xBA, 0x95, 0x61, 0x95, 0xFC, 0x96, 0xEA, 0xDB, 0x06, 0x21, 0x10, 0x00,
0xF7, 0x92, 0x00, 0xD4, 0x1C, 0x02, 0x6D, 0x1E, 0x01, 0x2E, 0xFF, 0xAB, 0x60, 0xE9, 0x3E, 0xD3,
0x8E, 0xEE, 0x66, 0xA8, 0x97, 0xDF, 0x4F, 0x7D, 0xDF, 0x20, 0x02, 0x02, 0xE0, 0x9E, 0x1D, 0x80,
0x9A, 0x43, 0xA0, 0xCA, 0x8F, 0x82, 0xA6, 0x05, 0xD8, 0xAB, 0x01, 0x44, 0x60, 0xAB, 0xEC, 0x5E,
0xEA, 0xFB, 0x06, 0x11, 0x10, 0x00, 0xF7, 0xD2, 0x00, 0xD4, 0x8C, 0x00, 0x75, 0x87, 0x40, 0x13,
0x23, 0xC0, 0x8E, 0x09, 0xA0, 0x01, 0x9B, 0xE4, 0x77, 0x52, 0xDF, 0x38, 0x08, 0x80, 0x00, 0xB8,
0x37, 0x11, 0x80, 0x9A, 0x11, 0xA0, 0xE6, 0x10, 0x28, 0x1B, 0x01, 0xF6, 0x6C, 0x00, 0x11, 0x58,
0x2F, 0xBF, 0x8D, 0xFA, 0xCE, 0x81, 0x7F, 0x04, 0xC0, 0xBD, 0x51, 0x00, 0xF6, 0x1B, 0x01, 0x8C,
0x02, 0x0C, 0x01, 0xF8, 0xC1, 0x7B, 0xE9, 0x76, 0xD3, 0x98, 0xEE, 0x6C, 0x28, 0x93, 0xDD, 0x42,
0x7D, 0xE7, 0xC0, 0x3F, 0x02, 0xE0, 0xDE, 0x54, 0x00, 0xF6, 0x1A, 0x01, 0xCC, 0x02, 0xBC, 0xF7,
0xDE, 0x7B, 0x34, 0xA0, 0x37, 0xD9, 0x0D, 0xD4, 0xB7, 0x0E, 0xDC, 0x23, 0x00, 0xEE, 0x8D, 0x03,
0x50, 0xF2, 0x51, 0x50, 0xA3, 0x00, 0xEB, 0x46, 0x00, 0x29, 0xC0, 0x9E, 0x09, 0x20, 0x02, 0x2B,
0x64, 0x77, 0x4F, 0xDF, 0x3B, 0xF0, 0x8E, 0x00, 0xB8, 0xF7, 0xD3, 0xD9, 0x02, 0x0C, 0x01, 0x30,
0x0E, 0x81, 0x1A, 0x8E, 0x00, 0xB7, 0x02, 0xD0, 0x80, 0xAE, 0x64, 0xB7, 0x4E, 0xDF, 0x3B, 0xF0,
0x8E, 0x00, 0xB8, 0xF7, 0x53, 0x29, 0xC0, 0x10, 0x80, 0x9A, 0x43, 0xA0, 0xC9, 0x8F, 0x82, 0x1A,
0x05, 0x98, 0x1E, 0x01, 0x76, 0x4F, 0x00, 0x0D, 0xA8, 0x92, 0xDD, 0x38, 0x7D, 0xF3, 0xC0, 0x39,
0x02, 0xE0, 0x9E, 0x06, 0xA0, 0x66, 0x04, 0xD8, 0x7C, 0x08, 0x94, 0x8F, 0x00, 0xEF, 0xBD, 0xFF,
0xFE, 0xFB, 0xC9, 0xBE, 0xB3, 0x07, 0xDD, 0xE6, 0x30, 0x29, 0xBB, 0x6B, 0xFA, 0xEE, 0x81, 0x6F,
0x04, 0xC0, 0xBD, 0x9F, 0x6A, 0x01, 0xD6, 0x8D, 0x00, 0x35, 0x87, 0x40, 0xF3, 0x23, 0xC0, 0xFE,
0x05, 0xA0, 0x01, 0xC5, 0xF4, 0x96, 0xE9, 0xBB, 0x07, 0xBE, 0x11, 0x00, 0xF7, 0xB2, 0x00, 0x94,
0x3C, 0x07, 0xDE, 0x79, 0x04, 0x38, 0x20, 0x01, 0x34, 0xA0, 0x48, 0x76, 0xC3, 0xF4, 0xED, 0x03,
0xD7, 0x08, 0x80, 0x7B, 0x3F, 0xCD, 0x0A, 0x30, 0x39, 0x02, 0x18, 0x05, 0x58, 0x37, 0x02, 0x98,
0x05, 0x48, 0x47, 0x80, 0x23, 0x0A, 0x40, 0x04, 0x4A, 0x64, 0x77, 0x4B, 0xDF, 0x3F, 0xF0, 0x8C,
0x00, 0xB8, 0x97, 0x07, 0xA0, 0x64, 0x04, 0x30, 0x0A, 0x30, 0xF9, 0x1C, 0x78, 0x76, 0x04, 0x30,
0x0A, 0x70, 0x0D, 0xC0, 0x31, 0x05, 0xA0, 0x01, 0x8B, 0xF4, 0x56, 0xE9, 0xFB, 0x07, 0x9E, 0x11,
0x00, 0xF7, 0x2E, 0x01, 0x98, 0x2F, 0xC0, 0xBA, 0x11, 0xC0, 0x2C, 0xC0, 0xEC, 0x08, 0xF0, 0x9A,
0x02, 0xD0, 0x80, 0x79, 0xD9, 0x8D, 0xD2, 0x37, 0x10, 0x1C, 0x23, 0x00, 0xEE, 0x5D, 0x03, 0x50,
0x7A, 0x08, 0xB4, 0x6E, 0x04, 0x30, 0x0A, 0x30, 0x3B, 0x02, 0xDC, 0x0B, 0x70, 0x5C, 0x02, 0x68,
0xC0, 0x8C, 0xEC, 0x36, 0xE9, 0x3B, 0x08, 0x7E, 0x11, 0x00, 0xF7, 0xAC, 0x00, 0xD4, 0x8C, 0x00,
0xBB, 0x3D, 0x07, 0x3E, 0xB4, 0x00, 0x34, 0x60, 0x9A, 0xDE, 0x23, 0x7D, 0x07, 0xC1, 0x2F, 0x02,
0xE0, 0xDE, 0x2D, 0x00, 0x4D, 0x46, 0x80, 0xC6, 0xCF, 0x81, 0x0F, 0x2E, 0x00, 0x11, 0x98, 0x90,
0xDD, 0x20, 0x7D, 0x0B, 0xC1, 0x2D, 0x02, 0xE0, 0x9E, 0x19, 0x80, 0x92, 0xE7, 0xC0, 0xCD, 0x46,
0x00, 0xA3, 0x00, 0x8F, 0x00, 0x1C, 0x5D, 0x00, 0x1A, 0x60, 0xC9, 0x6E, 0x8F, 0xBE, 0x87, 0xE0,
0x15, 0x01, 0x70, 0xEF, 0x1E, 0x80, 0xF9, 0x02, 0x0C, 0x01, 0x30, 0x0A, 0xD0, 0x70, 0x04, 0xE8,
0xA0, 0x00, 0x34, 0x20, 0xA7, 0xF7, 0x46, 0xDF, 0x43, 0xF0, 0x8A, 0x00, 0xB8, 0xB7, 0x18, 0x80,
0x9A, 0x43, 0xA0, 0xC9, 0xE7, 0xC0, 0xAB, 0x47, 0x80, 0x97, 0x24, 0x80, 0x06, 0x8C, 0x65, 0x77,
0x46, 0xDF, 0x44, 0x70, 0x8A, 0x00, 0xB8, 0xF7, 0x08, 0xC0, 0x74, 0x01, 0x16, 0x47, 0x80, 0xBA,
0x43, 0xA0, 0xCA, 0x11, 0xE0, 0xFD, 0x74, 0xFB, 0x39, 0x90, 0x6E, 0x82, 0xA1, 0x65, 0xF7, 0x45,
0xDF, 0x45, 0xF0, 0x89, 0x00, 0xB8, 0xF7, 0x0C, 0xC0, 0xE1, 0xCF, 0x81, 0x67, 0x47, 0x80, 0xB4,
0x00, 0x2F, 0x4A, 0x00, 0x11, 0x78, 0xCA, 0xEE, 0x89, 0xBE, 0x8B, 0xE0, 0x13, 0x01, 0x70, 0x6F,
0x2A, 0x00, 0xFB, 0x8D, 0x00, 0x46, 0x01, 0x66, 0x47, 0x80, 0xF7, 0x65, 0x0B, 0x3A, 0x94, 0xEC,
0x84, 0x51, 0xE9, 0x1D, 0xD1, 0x77, 0x11, 0x7C, 0x22, 0x00, 0xEE, 0x0D, 0x01, 0x38, 0x7C, 0x04,
0x30, 0x0B, 0x60, 0x8E, 0x00, 0xB2, 0x07, 0x1D, 0x6B, 0xBC, 0x15, 0xC6, 0x94, 0xDD, 0x0E, 0x7D,
0x1B, 0xC1, 0x25, 0x02, 0xE0, 0xDE, 0xCF, 0xA6, 0x02, 0xD0, 0xCD, 0x47, 0x41, 0xEF, 0x05, 0x78,
0x7B, 0x7B, 0x4B, 0xB6, 0xA1, 0x43, 0x8D, 0x37, 0xC3, 0x90, 0xF4, 0x6E, 0xE8, 0xDB, 0x08, 0x2E,
0x11, 0x00, 0xF7, 0x92, 0x00, 0xCC, 0x17, 0x60, 0x08, 0x80, 0x51, 0x80, 0x86, 0x23, 0x80, 0x51,
0x80, 0x64, 0xCB, 0x49, 0x36, 0xA2, 0x23, 0xC9, 0x76, 0x18, 0x4F, 0x76, 0x2F, 0xF4, 0x7D, 0x04,
0x8F, 0x08, 0x80, 0x7B, 0x3F, 0x9B, 0x2E, 0xC0, 0x10, 0x80, 0x9A, 0x43, 0xA0, 0x66, 0x1F, 0x05,
0x95, 0x02, 0x3C, 0x57, 0x9C, 0xEC, 0x45, 0x07, 0x92, 0x0D, 0x31, 0x1C, 0xBD, 0x15, 0xA3, 0x37,
0x11, 0x9C, 0x22, 0x00, 0xEE, 0xFD, 0x2C, 0x2D, 0xC0, 0x38, 0x00, 0x35, 0x23, 0x40, 0xDD, 0x21,
0x50, 0xED, 0x08, 0x70, 0x29, 0xC0, 0x68, 0xD5, 0xC9, 0x76, 0x74, 0x1C, 0xDD, 0x13, 0x43, 0xC9,
0xEE, 0xC3, 0xE8, 0xF7, 0x01, 0x9F, 0x08, 0x80, 0x7B, 0xA3, 0x00, 0x34, 0x19, 0x01, 0x6A, 0x0E,
0x81, 0x2A, 0x46, 0x00, 0x5D, 0x78, 0xB2, 0x23, 0x1D, 0x46, 0x77, 0xC5, 0x48, 0xF4, 0x36, 0xE8,
0xEF, 0x03, 0x0E, 0x11, 0x00, 0xF7, 0x7E, 0xF6, 0x92, 0x11, 0xC0, 0x28, 0xC0, 0xD2, 0x08, 0xA0,
0x0B, 0x7F, 0x4D, 0x03, 0x74, 0x5B, 0x8C, 0x23, 0xBB, 0x09, 0xFA, 0xDB, 0x80, 0x3F, 0x04, 0xC0,
0xBD, 0x71, 0x00, 0x0E, 0x1F, 0x01, 0xCC, 0x02, 0x98, 0x23, 0x80, 0x2E, 0xFC, 0x26, 0xD9, 0x96,
0x0E, 0xA2, 0x1B, 0x63, 0x18, 0x7A, 0x0F, 0xF4, 0x57, 0x01, 0x7F, 0x08, 0x80, 0x7B, 0x97, 0x00,
0x94, 0x8E, 0x00, 0xA5, 0x05, 0x58, 0x37, 0x02, 0x18, 0x05, 0x48, 0x47, 0x00, 0x5D, 0xF8, 0x53,
0xB2, 0x31, 0x1D, 0x44, 0xB7, 0xC6, 0x18, 0xF4, 0x06, 0xE8, 0xEF, 0x01, 0xFE, 0x10, 0x00, 0xF7,
0xAE, 0x01, 0x28, 0x2D, 0xC0, 0x10, 0x00, 0xE3, 0x10, 0x68, 0x72, 0x04, 0x30, 0x0B, 0x30, 0x3B,
0x02, 0x18, 0x05, 0x98, 0xDD, 0x6F, 0x92, 0xBD, 0xE9, 0x18, 0xBA, 0x39, 0x46, 0x90, 0x5D, 0xBE,
0xFE, 0x16, 0xE0, 0x0E, 0x01, 0x70, 0x4F, 0x03, 0xD0, 0xE4, 0x10, 0x68, 0xF2, 0xA3, 0xA0, 0x46,
0x01, 0x66, 0x47, 0x80, 0xA4, 0x00, 0xBA, 0x70, 0x91, 0x6C, 0x4F, 0x87, 0xD0, 0xED, 0x31, 0x00,
0xBD, 0x7A, 0xFD, 0x15, 0xC0, 0x1D, 0x02, 0xE0, 0xDE, 0x2D, 0x00, 0x4D, 0x46, 0x80, 0xCD, 0x87,
0x40, 0xB3, 0x23, 0x80, 0x2E, 0xDC, 0x90, 0xEC, 0x50, 0x07, 0xD0, 0xFD, 0xD1, 0xBD, 0xEC, 0xDA,
0xF5, 0xFE, 0xC3, 0x1B, 0x02, 0xE0, 0x5E, 0x16, 0x80, 0x26, 0x23, 0x40, 0xCD, 0x73, 0xE0, 0xC2,
0x11, 0x40, 0x17, 0x6E, 0x4B, 0x36, 0xA9, 0x03, 0xE8, 0x16, 0xE9, 0x9C, 0x5E, 0xB9, 0xDE, 0x7C,
0x78, 0x43, 0x00, 0xDC, 0xBB, 0x07, 0xA0, 0x74, 0x04, 0x30, 0x0B, 0x70, 0xC8, 0x08, 0xA0, 0x0B,
0x9F, 0x94, 0x6C, 0x53, 0xFB, 0xD3, 0x3D, 0xD2, 0xB5, 0xEC, 0xBA, 0xF5, 0xD6, 0xC3, 0x19, 0x02,
0xE0, 0x5E, 0x1E, 0x80, 0xD2, 0x11, 0xC0, 0x28, 0xC0, 0xBA, 0x11, 0xA0, 0xAC, 0x00, 0xBA, 0xF0,
0x39, 0xC9, 0x4E, 0xB5, 0x3B, 0xDD, 0x25, 0x1D, 0xCB, 0x2E, 0x5B, 0xEF, 0x3B, 0x9C, 0x21, 0x00,
0xEE, 0xFD, 0x3C, 0x2F, 0xC0, 0x38, 0x00, 0x25, 0x23, 0x80, 0x51, 0x80, 0xC9, 0xE7, 0xC0, 0xB3,
0x23, 0x80, 0x71, 0x08, 0xB4, 0x26, 0x00, 0xC7, 0x36, 0x40, 0xF7, 0x49, 0xBF, 0xF4, 0xA2, 0xF5,
0xA6, 0xC3, 0x19, 0x02, 0xE0, 0xDE, 0x33, 0x00, 0xA5, 0x05, 0x58, 0x37, 0x02, 0x98, 0x05, 0xA8,
0x1A, 0x01, 0x74, 0xE1, 0xCB, 0x92, 0xED, 0x6A, 0x67, 0xBA, 0x51, 0x7A, 0x95, 0x5D, 0xB2, 0xDE,
0x72, 0xF8, 0x42, 0x00, 0xDC, 0xFB, 0xB9, 0x31, 0x02, 0x94, 0x1E, 0x02, 0xCD, 0x8E, 0x00, 0x35,
0x87, 0x40, 0xB3, 0x23, 0xC0, 0xBD, 0x00, 0xBA, 0xF0, 0x22, 0xC9, 0x8E, 0xB5, 0x2F, 0xDD, 0x2A,
0x9D, 0xD2, 0x2B, 0xD6, 0xFB, 0x0D, 0x5F, 0x08, 0x80, 0x7B, 0x43, 0x00, 0x9A, 0x8C, 0x00, 0xFB,
0x3D, 0x07, 0xD6, 0x85, 0x17, 0x4B, 0x36, 0xAD, 0x5D, 0xE9, 0x66, 0xE9, 0x91, 0x5E, 0xAE, 0xDE,
0x6B, 0xF8, 0x42, 0x00, 0xDC, 0xFB, 0x79, 0x17, 0x23, 0x80, 0x59, 0x80, 0xF1, 0x08, 0xA0, 0x0B,
0xAF, 0x91, 0xEC, 0x5B, 0x7B, 0xD2, 0xED, 0xD2, 0x9F, 0xEC, 0x6A, 0xF5, 0x4E, 0xC3, 0x15, 0x02,
0xE0, 0xDE, 0xCF, 0xCD, 0x02, 0x8C, 0x03, 0x50, 0xF2, 0x1C, 0xB8, 0xD9, 0x08, 0x60, 0x14, 0x60,
0x73, 0x00, 0x0E, 0x6B, 0x80, 0x6E, 0x98, 0xEE, 0xE8, 0xB5, 0xEA, 0x6D, 0x86, 0x2B, 0x04, 0xC0,
0x3D, 0x3B, 0x00, 0xF3, 0x05, 0x18, 0x02, 0x60, 0x14, 0xA0, 0xE1, 0x08, 0x30, 0x2A, 0x80, 0x2E,
0xBC, 0x5E, 0xB2, 0x79, 0xED, 0x47, 0x77, 0x4C, 0x67, 0xB2, 0x2B, 0xD5, 0x9B, 0x0C, 0x4F, 0x08,
0x80, 0x7B, 0x97, 0x00, 0x18, 0x05, 0x98, 0x0C, 0x40, 0xCD, 0x21, 0x50, 0xD3, 0x8F, 0x82, 0xEA,
0xC2, 0x57, 0x49, 0xF6, 0xAF, 0xDD, 0xE8, 0x9E, 0xE9, 0x4A, 0x76, 0xA1, 0x7A, 0x87, 0xE1, 0x09,
0x01, 0x70, 0x6F, 0x14, 0x80, 0x92, 0x02, 0x2C, 0x8E, 0x00, 0x75, 0x87, 0x40, 0xC5, 0x23, 0x80,
0x2E, 0x7C, 0xAD, 0x74, 0x0B, 0xDB, 0x89, 0xEE, 0x9A, 0x9E, 0xE8, 0x65, 0xEA, 0xED, 0x85, 0x27,
0x04, 0xC0, 0xBD, 0x6B, 0x00, 0x8C, 0x11, 0xE0, 0xF0, 0xE7, 0xC0, 0xB3, 0x23, 0xC0, 0x7B, 0xED,
0x02, 0x70, 0x91, 0xEC, 0x62, 0xFB, 0xD0, 0x6D, 0xD3, 0x8F, 0xEC, 0x22, 0xF5, 0xDE, 0xC2, 0x11,
0x02, 0xE0, 0xDE, 0x38, 0x00, 0x2F, 0x18, 0x01, 0x8C, 0x02, 0x98, 0x23, 0x80, 0x2E, 0x7C, 0xA3,
0x64, 0x23, 0xDB, 0x85, 0x6E, 0x9C, 0x5E, 0x64, 0xD7, 0xA8, 0x37, 0x16, 0x8E, 0x10, 0x00, 0xF7,
0x7E, 0xD1, 0xCD, 0x08, 0x60, 0x16, 0x60, 0x18, 0x01, 0x74, 0xE1, 0xDB, 0xA5, 0x7B, 0xD9, 0x0E,
0x74, 0xEB, 0x74, 0x22, 0xBB, 0x42, 0xBD, 0xAD, 0xF0, 0x83, 0x00, 0xB8, 0x77, 0x0F, 0x80, 0x51,
0x80, 0x71, 0x00, 0x5E, 0xFE, 0x51, 0x50, 0x5D, 0x78, 0x13, 0xC9, 0x6E, 0xB6, 0x03, 0xDD, 0x3B,
0x5D, 0xC8, 0x2E, 0x50, 0xEF, 0x29, 0xFC, 0x20, 0x00, 0xEE, 0xFD, 0x42, 0x46, 0x80, 0xD2, 0x02,
0x0C, 0x01, 0x30, 0x0A, 0xD0, 0x70, 0x04, 0x78, 0x16, 0x40, 0x17, 0xDE, 0x4A, 0xBA, 0xA1, 0xB5,
0xA6, 0x9B, 0xA7, 0x07, 0xD9, 0xF5, 0xE9, 0x0D, 0x85, 0x1F, 0x04, 0xC0, 0xBD, 0x47, 0x00, 0x8C,
0x11, 0xA0, 0xC9, 0x21, 0x50, 0xB3, 0x8F, 0x82, 0xEA, 0xC2, 0x1B, 0x4A, 0xF7, 0xB4, 0xC6, 0x74,
0xFB, 0x74, 0x20, 0xBB, 0x3A, 0xBD, 0x9D, 0x70, 0x83, 0x00, 0xB8, 0xF7, 0x8B, 0x5D, 0x46, 0x80,
0xCD, 0x87, 0x40, 0xF9, 0x08, 0xA0, 0x0B, 0x6F, 0x2B, 0xD9, 0xD5, 0x1A, 0xD3, 0xFD, 0xF3, 0xF4,
0xB2, 0x8B, 0xD3, 0x7B, 0x09, 0x37, 0x08, 0x80, 0x7B, 0xBF, 0xC8, 0x0A, 0xD0, 0x78, 0x04, 0xA8,
0x39, 0x04, 0x9A, 0x1B, 0x01, 0x74, 0xE1, 0xED, 0xA5, 0x3B, 0x5B, 0x4B, 0xBA, 0x83, 0x9E, 0x5C,
0x76, 0x69, 0x7A, 0x1F, 0xE1, 0x06, 0x01, 0x70, 0x2F, 0x0F, 0x40, 0xA7, 0x23, 0x80, 0x2E, 0x7C,
0x17, 0xE9, 0xE6, 0xD6, 0x90, 0xEE, 0xA1, 0xE7, 0x96, 0x5D, 0x98, 0xDE, 0x45, 0x78, 0x41, 0x00,
0xDC, 0xBB, 0x04, 0x60, 0xF3, 0x08, 0x60, 0x14, 0x60, 0xDD, 0x08, 0x60, 0x16, 0xE0, 0xC0, 0x00,
0xEC, 0xD6, 0x00, 0xDD, 0x44, 0xCF, 0x2C, 0xBB, 0x2E, 0xBD, 0x85, 0xF0, 0x82, 0x00, 0xB8, 0x97,
0x04, 0xC0, 0x28, 0xC0, 0x38, 0x00, 0x25, 0x1F, 0x05, 0x35, 0x0A, 0xB0, 0x6E, 0x04, 0xD0, 0x02,
0xE8, 0xC2, 0x77, 0x94, 0xEE, 0x70, 0xAD, 0xE8, 0x2E, 0x7A, 0x62, 0xD9, 0x65, 0xE9, 0xFD, 0x83,
0x17, 0x04, 0xC0, 0xBD, 0x6B, 0x00, 0xF6, 0x38, 0x04, 0x9A, 0x1C, 0x01, 0xCC, 0x02, 0xCC, 0x8E,
0x00, 0xD7, 0x02, 0xE8, 0xC2, 0xF7, 0x95, 0x6E, 0x72, 0x8D, 0xE8, 0x3E, 0x7A, 0x5E, 0xD9, 0x45,
0xE9, 0xDD, 0x83, 0x13, 0x04, 0xC0, 0xBD, 0x5B, 0x00, 0x36, 0x1F, 0x02, 0x2D, 0x8E, 0x00, 0xA5,
0x87, 0x40, 0x93, 0x23, 0x80, 0x2E, 0x7C, 0x77, 0xC9, 0x36, 0xD7, 0x88, 0x6E, 0xA4, 0x67, 0x95,
0x5D, 0x93, 0xDE, 0x3A, 0x38, 0x41, 0x00, 0xDC, 0x33, 0x03, 0xD0, 0x64, 0x04, 0xD8, 0x7C, 0x08,
0x34, 0x1E, 0x01, 0x74, 0xE1, 0x47, 0x48, 0x77, 0xBA, 0x26, 0x74, 0x2B, 0x3D, 0xA7, 0xEC, 0x8A,
0xF4, 0xBE, 0xC1, 0x09, 0x02, 0xE0, 0xDE, 0x3D, 0x00, 0xFB, 0x8E, 0x00, 0x35, 0xCF, 0x81, 0xA7,
0x46, 0x00, 0x5D, 0xF8, 0x51, 0xD2, 0xDD, 0xAE, 0x01, 0xDD, 0x4C, 0xCF, 0x28, 0xBF, 0x1E, 0xBD,
0x69, 0xF0, 0x81, 0x00, 0xB8, 0x37, 0x0E, 0x80, 0x51, 0x80, 0x71, 0x00, 0x4A, 0x9E, 0x03, 0x37,
0x1B, 0x01, 0x46, 0x05, 0xD0, 0x85, 0x1F, 0x28, 0xDD, 0xF0, 0x36, 0xD3, 0xDD, 0xF4, 0x8C, 0xB2,
0xEB, 0xD1, 0x3B, 0x06, 0x1F, 0x08, 0x80, 0x7B, 0x8F, 0x00, 0x6C, 0x1E, 0x01, 0x8C, 0x02, 0xAC,
0x1B, 0x01, 0x26, 0x0E, 0x81, 0x74, 0xE1, 0xC7, 0x4A, 0xB7, 0xBC, 0xAD, 0x74, 0x3B, 0x3D, 0x9F,
0xEC, 0x6A, 0xF4, 0x76, 0xC1, 0x07, 0x02, 0xE0, 0x9E, 0x04, 0xC0, 0x28, 0xC0, 0x38, 0x00, 0xD3,
0x05, 0x18, 0x02, 0x60, 0x14, 0x60, 0xF2, 0x39, 0x70, 0xF1, 0x08, 0xA0, 0x0B, 0x3F, 0x5C, 0xBA,
0xEB, 0x6D, 0xA4, 0x1B, 0xEA, 0xD9, 0x64, 0xD7, 0xA2, 0xF7, 0x0A, 0x3E, 0x10, 0x00, 0xF7, 0x9E,
0x01, 0xD8, 0xE3, 0x39, 0xF0, 0xE4, 0x08, 0x60, 0x16, 0x60, 0x7E, 0x04, 0xD0, 0x85, 0xBF, 0x42,
0xBA, 0xF1, 0x6D, 0xA3, 0x5B, 0xEA, 0xC9, 0x64, 0x97, 0xA2, 0x77, 0x0A, 0x2E, 0x10, 0x00, 0xF7,
0x86, 0x00, 0x6C, 0x3E, 0x04, 0x9A, 0x1D, 0x01, 0x6A, 0x0E, 0x81, 0xCC, 0x11, 0x40, 0x17, 0xFE,
0x22, 0xE9, 0xD6, 0xB7, 0x85, 0x6E, 0xA9, 0xE7, 0x92, 0x5D, 0x89, 0xDE, 0x26, 0xB8, 0x40, 0x00,
0xDC, 0xFB, 0xE5, 0x54, 0x00, 0x9A, 0x8C, 0x00, 0x9B, 0x9F, 0x03, 0x77, 0x17, 0x80, 0x8B, 0x74,
0xFB, 0x5B, 0x4F, 0x37, 0xD5, 0x33, 0xC9, 0xAE, 0x43, 0x6F, 0x11, 0x5C, 0x20, 0x00, 0xEE, 0x25,
0x01, 0xE8, 0x67, 0x04, 0xB0, 0x0A, 0xA0, 0x0B, 0x7F, 0xAD, 0x74, 0x07, 0x5C, 0x4D, 0xB7, 0xD5,
0x13, 0xC9, 0xAE, 0x42, 0x6F, 0x10, 0x3C, 0x20, 0x00, 0xEE, 0xFD, 0x32, 0x1B, 0x01, 0x8C, 0x02,
0x8C, 0x03, 0xF0, 0x9A, 0x8F, 0x82, 0xEA, 0xC2, 0x5F, 0x2E, 0xD9, 0x03, 0x57, 0xD3, 0x7D, 0xF5,
0x34, 0xB2, 0x8B, 0xD0, 0xBB, 0x03, 0x0F, 0x08, 0x80, 0x7B, 0x69, 0x00, 0x4A, 0x47, 0x80, 0x9A,
0x43, 0xA0, 0x66, 0x23, 0x80, 0x2E, 0xBC, 0x07, 0xE9, 0x36, 0xB8, 0x92, 0xEE, 0xAC, 0x27, 0x91,
0x5D, 0x82, 0xDE, 0x1A, 0x78, 0x40, 0x00, 0xDC, 0xFB, 0xE5, 0xB6, 0x11, 0xA0, 0xE6, 0x10, 0x68,
0xDB, 0x47, 0x41, 0x75, 0xE1, 0x9D, 0x48, 0x77, 0xC2, 0x55, 0x74, 0x6B, 0x3D, 0x09, 0xBD, 0x02,
0xBD, 0x2F, 0xF0, 0x80, 0x00, 0xB8, 0xF7, 0x4B, 0xA3, 0x00, 0x8F, 0x00, 0x94, 0x14, 0x60, 0x71,
0x04, 0xA8, 0x3B, 0x04, 0x9A, 0x1E, 0x01, 0x74, 0xE1, 0xFD, 0x48, 0xF6, 0xC2, 0x55, 0x74, 0x6F,
0x3D, 0x85, 0x6C, 0xFD, 0x7A, 0x57, 0xE0, 0x00, 0x01, 0x70, 0x6F, 0x1C, 0x80, 0xD2, 0x43, 0xA0,
0x75, 0x23, 0x40, 0xCD, 0x21, 0x50, 0x36, 0x02, 0xE8, 0xC2, 0xBB, 0x92, 0x6C, 0x87, 0x6B, 0xE8,
0xEE, 0x7A, 0x02, 0xD9, 0xF2, 0xF5, 0x96, 0xC0, 0x01, 0x02, 0xE0, 0xDE, 0x25, 0x00, 0x3D, 0x8D,
0x00, 0x46, 0x01, 0x4E, 0x10, 0x80, 0x8B, 0x74, 0x4B, 0xAC, 0xA6, 0xFB, 0x6B, 0xF7, 0xB2, 0xC5,
0xEB, 0xED, 0x80, 0x03, 0x04, 0xC0, 0x3D, 0x09, 0x40, 0x3F, 0x23, 0x80, 0x16, 0x40, 0x17, 0xDE,
0xA3, 0x74, 0x57, 0xAC, 0xA4, 0x1B, 0x6C, 0xEF, 0xB2, 0xB5, 0xEB, 0xBD, 0x80, 0x03, 0x04, 0xC0,
0xBD, 0x6B, 0x00, 0xB2, 0x11, 0xC0, 0x28, 0xC0, 0x38, 0x00, 0xC7, 0x7F, 0x14, 0x54, 0x17, 0xDE,
0xA9, 0x74, 0x63, 0xAC, 0xA3, 0x5B, 0x6C, 0xDF, 0xB2, 0x95, 0xEB, 0x8D, 0x80, 0x03, 0x04, 0xC0,
0x3D, 0x0D, 0xC0, 0x1E, 0x87, 0x40, 0x4D, 0x46, 0x00, 0x5D, 0x78, 0xBF, 0xD2, 0xBD, 0xB1, 0x8A,
0x6E, 0xB2, 0x3D, 0xCB, 0x17, 0xAE, 0xB7, 0x01, 0xE7, 0x47, 0x00, 0xDC, 0xBB, 0x05, 0xA0, 0x64,
0x04, 0x68, 0x72, 0x08, 0x34, 0xF9, 0x51, 0x50, 0xA3, 0x00, 0xE3, 0x11, 0x40, 0x17, 0xDE, 0xB5,
0xD1, 0xF6, 0x58, 0x41, 0xB7, 0xD9, 0x7E, 0xE5, 0xCB, 0xD6, 0x7B, 0x80, 0xF3, 0x23, 0x00, 0xEE,
0xDD, 0x03, 0x90, 0x15, 0xA0, 0xE9, 0x08, 0xB0, 0xF9, 0x10, 0xE8, 0x6C, 0x01, 0x58, 0xDF, 0x00,
0xDD, 0x68, 0xBB, 0x95, 0x2D, 0x5A, 0x6F, 0x00, 0xCE, 0x8F, 0x00, 0xB8, 0x97, 0x07, 0xA0, 0x9F,
0xE7, 0xC0, 0xA3, 0x11, 0x40, 0x17, 0x7E, 0x02, 0xE9, 0x1E, 0x59, 0x4E, 0x77, 0xDA, 0x4E, 0x65,
0x4B, 0xD6, 0xAB, 0xC7, 0xF9, 0x11, 0x00, 0xF7, 0x1E, 0x01, 0xD8, 0x3C, 0x02, 0x98, 0x05, 0x68,
0x38, 0x02, 0xE8, 0xC2, 0x4F, 0x22, 0xDD, 0x27, 0x4B, 0xE9, 0x5E, 0xDB, 0xA5, 0x6C, 0xC1, 0x7A,
0xE5, 0x38, 0x3F, 0x02, 0xE0, 0xDE, 0x47, 0x79, 0x00, 0x36, 0x8F, 0x00, 0x46, 0x01, 0xD6, 0x8D,
0x00, 0x69, 0x01, 0x74, 0xE1, 0xE7, 0x91, 0x6E, 0x95, 0x85, 0x74, 0xB7, 0xED, 0x50, 0xB6, 0x5C,
0xBD, 0x6C, 0x9C, 0x1F, 0x01, 0x70, 0xEF, 0x23, 0xA3, 0x00, 0x93, 0xCF, 0x81, 0xC7, 0x01, 0x28,
0x19, 0x01, 0x8C, 0x02, 0x4C, 0x3E, 0x07, 0x9E, 0x1D, 0x01, 0xBE, 0xAF, 0x0B, 0x3F, 0x95, 0x74,
0xB7, 0x2C, 0xA2, 0xDB, 0x6D, 0x7F, 0xF2, 0xE5, 0xEA, 0x45, 0xE3, 0xF4, 0x08, 0x80, 0x7B, 0x56,
0x00, 0x56, 0x1E, 0x02, 0xAD, 0x1B, 0x01, 0xCC, 0x02, 0x18, 0x23, 0x80, 0x2E, 0xFC, 0x6C, 0x46,
0x1B, 0x66, 0x01, 0xDD, 0x70, 0x7B, 0x93, 0x2F, 0x56, 0xAF, 0x18, 0xA7, 0x47, 0x00, 0xDC, 0xFB,
0xA8, 0xA0, 0x00, 0x43, 0x00, 0x4A, 0x0F, 0x81, 0xD6, 0x8D, 0x00, 0x46, 0x01, 0xFC, 0x04, 0xA0,
0xBE, 0x01, 0xBA, 0xE5, 0xF6, 0x25, 0x5F, 0xAA, 0x5E, 0x2E, 0x4E, 0x8F, 0x00, 0xB8, 0x97, 0x04,
0x20, 0x3B, 0x04, 0x6A, 0x3A, 0x02, 0x6C, 0x7D, 0x0E, 0xAC, 0x0B, 0x3F, 0xA7, 0xD1, 0xB6, 0xB9,
0x48, 0x37, 0xDD, 0xAE, 0x64, 0x0B, 0xD5, 0x6B, 0xC5, 0xE9, 0x11, 0x00, 0xF7, 0x3E, 0x7A, 0xC1,
0x08, 0x50, 0xF3, 0x1C, 0xD8, 0x59, 0x00, 0x2E, 0xD2, 0x9D, 0x73, 0x89, 0xEE, 0xBA, 0x1D, 0xC9,
0x96, 0xA9, 0xD7, 0x89, 0xD3, 0x23, 0x00, 0xEE, 0xA5, 0x01, 0xC8, 0x46, 0x00, 0xA3, 0x00, 0xE3,
0x00, 0x94, 0x3C, 0x07, 0x6E, 0x34, 0x02, 0xE8, 0xC2, 0x4F, 0x2D, 0xDD, 0x3C, 0x17, 0xE8, 0xBE,
0xDB, 0x8D, 0x6C, 0x91, 0x7A, 0x91, 0x38, 0x3D, 0x02, 0xE0, 0xDE, 0x25, 0x00, 0x1B, 0x46, 0x80,
0x9A, 0x43, 0xA0, 0x75, 0x23, 0xC0, 0xA3, 0x00, 0xBA, 0xF0, 0xB3, 0x4B, 0xF7, 0xCF, 0x79, 0xBA,
0xF3, 0x76, 0x22, 0x5B, 0xA2, 0x5E, 0x21, 0x4E, 0x8F, 0x00, 0xB8, 0x77, 0x0D, 0x80, 0x51, 0x80,
0xFA, 0x11, 0xA0, 0xE6, 0x10, 0x68, 0xF2, 0x39, 0xF0, 0xF4, 0x08, 0xA0, 0x0B, 0x77, 0x20, 0xDD,
0x42, 0x67, 0xE9, 0xDE, 0xDB, 0x85, 0x6C, 0x81, 0x7A, 0x79, 0x38, 0x3D, 0x02, 0xE0, 0xDE, 0x38,
0x00, 0x59, 0x01, 0x1E, 0x01, 0x28, 0x29, 0xC0, 0xE2, 0x08, 0x50, 0x77, 0x08, 0x24, 0x23, 0x80,
0x2E, 0xDC, 0x87, 0x74, 0x17, 0x9D, 0xA3, 0xBB, 0x6F, 0x07, 0xF2, 0xF5, 0xE9, 0xC5, 0xE1, 0xEC,
0x08, 0x80, 0x7B, 0xB7, 0x00, 0x18, 0x23, 0x40, 0xE9, 0x21, 0xD0, 0xBA, 0x11, 0xA0, 0xE6, 0x10,
0xC8, 0x73, 0x00, 0xCA, 0x1B, 0xA0, 0xFB, 0xEF, 0xCB, 0xE5, 0xAB, 0xD3, 0x2B, 0xC3, 0xD9, 0x11,
0x00, 0xF7, 0x24, 0x00, 0x3D, 0x8D, 0x00, 0xE3, 0x02, 0xE8, 0xC2, 0x1D, 0xF9, 0x7F, 0xA3, 0xBD,
0x74, 0x92, 0xEE, 0xC0, 0x2F, 0x96, 0xAF, 0x4D, 0xAF, 0x0B, 0x67, 0x47, 0x00, 0xDC, 0xBB, 0x07,
0xA0, 0xEB, 0x11, 0xE0, 0x5A, 0x00, 0x5D, 0xB8, 0x27, 0xD9, 0x7E, 0x3A, 0x41, 0xF7, 0xE0, 0xD7,
0xCA, 0x56, 0xA6, 0x97, 0x85, 0xB3, 0x23, 0x00, 0xEE, 0x69, 0x00, 0xB2, 0x11, 0xC0, 0x28, 0xC0,
0x38, 0x00, 0x07, 0x7D, 0x14, 0x54, 0x17, 0xEE, 0x8A, 0xB1, 0xA5, 0xDA, 0x46, 0x3B, 0xF0, 0x8B,
0x65, 0xEB, 0xD2, 0xAB, 0xC2, 0xD9, 0x11, 0x00, 0xF7, 0x1E, 0x01, 0xD8, 0x30, 0x02, 0xD4, 0x1C,
0x02, 0xAD, 0x1F, 0x01, 0x74, 0xE1, 0xBE, 0xD8, 0xDB, 0xAA, 0x65, 0xF8, 0xCE, 0x57, 0xCB, 0x56,
0xA5, 0x17, 0x85, 0xB3, 0x23, 0x00, 0xEE, 0x3D, 0x03, 0x60, 0x14, 0x60, 0x72, 0x04, 0x68, 0x72,
0x08, 0x54, 0xF9, 0x51, 0x50, 0x5D, 0xB8, 0x33, 0x33, 0x9B, 0xAB, 0x92, 0x6F, 0x7D, 0x99, 0x6C,
0x4D, 0x7A, 0x4D, 0x38, 0x3B, 0x02, 0xE0, 0x5E, 0x1E, 0x80, 0xAC, 0x00, 0x8F, 0x00, 0x94, 0x1E,
0x02, 0xCD, 0x8E, 0x00, 0x75, 0x87, 0x40, 0xC9, 0x08, 0xA0, 0x0B, 0xF7, 0x46, 0xB7, 0xD7, 0xB9,
0x0A, 0xE8, 0x37, 0xBE, 0x46, 0xB6, 0x22, 0xBD, 0x24, 0x9C, 0x1D, 0x01, 0x70, 0x6F, 0x08, 0x80,
0x31, 0x02, 0x94, 0x1E, 0x02, 0xAD, 0x1B, 0x01, 0x6A, 0x0E, 0x81, 0xFC, 0x07, 0xC0, 0x4C, 0xC0,
0x45, 0xBA, 0xCF, 0x3E, 0xE9, 0x37, 0xBD, 0x42, 0xB6, 0x1E, 0xBD, 0x20, 0x9C, 0x1D, 0x01, 0x70,
0xEF, 0x57, 0x79, 0x00, 0x7A, 0x1A, 0x01, 0x86, 0x02, 0xE8, 0xC2, 0x1D, 0xD2, 0x1D, 0x36, 0x95,
0xEE, 0xB6, 0xC3, 0x96, 0xFB, 0x52, 0xD9, 0x6A, 0xF4, 0x7A, 0x70, 0x76, 0x04, 0xC0, 0xBD, 0x5F,
0x19, 0x05, 0xE8, 0x71, 0x04, 0xF8, 0x9E, 0x2E, 0xDC, 0x23, 0xDD, 0x62, 0x55, 0xBA, 0xE5, 0xBE,
0x3E, 0x01, 0xD9, 0x5A, 0xF4, 0x72, 0x70, 0x76, 0x04, 0xC0, 0xBD, 0x34, 0x00, 0x46, 0x01, 0x26,
0x9F, 0x03, 0x8F, 0x03, 0x50, 0xF2, 0x51, 0x50, 0xA3, 0x00, 0x35, 0x23, 0x80, 0x2E, 0xDC, 0x25,
0xDD, 0x63, 0x4D, 0xBD, 0x24, 0x80, 0x00, 0xB8, 0x47, 0x00, 0xDC, 0xFB, 0x55, 0xD5, 0x08, 0x50,
0x5A, 0x80, 0x21, 0x00, 0xC6, 0x21, 0xD0, 0xBA, 0x11, 0x40, 0x17, 0xEE, 0x93, 0x6E, 0xB2, 0xD3,
0x08, 0x00, 0x76, 0x47, 0x00, 0xDC, 0x1B, 0x05, 0xC0, 0x28, 0xC0, 0xE4, 0x08, 0xD0, 0xE4, 0x10,
0x68, 0xF2, 0xA3, 0xA0, 0x79, 0x01, 0x74, 0xE1, 0x4E, 0xE9, 0x2E, 0xDB, 0x33, 0x02, 0xE0, 0x1D,
0x01, 0x70, 0xEF, 0x57, 0xE6, 0x08, 0x90, 0x15, 0xA0, 0xE9, 0x08, 0xB0, 0xEA, 0x10, 0x48, 0x17,
0xEE, 0x95, 0xEE, 0xB2, 0x1D, 0x23, 0x00, 0xDE, 0x11, 0x00, 0xF7, 0xC6, 0x01, 0x30, 0x46, 0x80,
0x5E, 0x9E, 0x03, 0xEB, 0xC2, 0xDD, 0xD2, 0x6D, 0xB6, 0x5F, 0x04, 0xC0, 0x3B, 0x02, 0xE0, 0xDE,
0x25, 0x00, 0x7B, 0x8C, 0x00, 0x66, 0x01, 0xB6, 0x8C, 0x00, 0xBA, 0x70, 0xBF, 0x74, 0x9F, 0xED,
0x16, 0x01, 0xF0, 0x8E, 0x00, 0xB8, 0x77, 0x0D, 0x80, 0x51, 0x80, 0x86, 0x23, 0x80, 0x51, 0x80,
0x15, 0x23, 0x80, 0x2E, 0xDC, 0x33, 0xDD, 0x69, 0x3B, 0x45, 0x00, 0xBC, 0x23, 0x00, 0xEE, 0x69,
0x00, 0x8C, 0x02, 0x4C, 0x3E, 0x07, 0x1E, 0x07, 0xA0, 0x64, 0x04, 0x30, 0x0A, 0x30, 0xF9, 0x1C,
0x58, 0x46, 0x00, 0x5D, 0xB8, 0x6B, 0xBA, 0xD5, 0xF6, 0x89, 0x00, 0x78, 0x47, 0x00, 0xDC, 0xBB,
0x05, 0xC0, 0x18, 0x01, 0xB2, 0x02, 0xD4, 0x1E, 0x02, 0xAD, 0x1B, 0x01, 0xCC, 0x02, 0x84, 0x0B,
0xC0, 0x39, 0x0A, 0x40, 0x00, 0xBC, 0x23, 0x00, 0xEE, 0x65, 0x01, 0x30, 0x46, 0x80, 0xCD, 0x87,
0x40, 0xEB, 0x46, 0x80, 0x71, 0x01, 0x74, 0xE1, 0xCE, 0xE9, 0x66, 0xDB, 0x23, 0x02, 0xE0, 0x1D,
0x01, 0x70, 0xEF, 0x1E, 0x80, 0xC3, 0x47, 0x80, 0xEA, 0xE7, 0xC0, 0xBA, 0x70, 0xEF, 0x74, 0xB7,
0xED, 0x10, 0x01, 0xF0, 0x8E, 0x00, 0x78, 0xF7, 0xD8, 0xFF, 0x5F, 0x39, 0x02, 0x94, 0x3D, 0x07,
0xD6, 0x95, 0xBB, 0xA7, 0xDB, 0x6D, 0x7F, 0x08, 0x80, 0x77, 0x04, 0xC0, 0xBB, 0x67, 0x00, 0x4A,
0x46, 0x00, 0xA3, 0x00, 0xE3, 0x00, 0x94, 0x3C, 0x07, 0x5E, 0x3B, 0x02, 0xE8, 0xCA, 0xDD, 0xD3,
0xED, 0xB6, 0x3F, 0x04, 0xC0, 0x3B, 0x02, 0xE0, 0xDD, 0x10, 0x00, 0xA3, 0x00, 0xF5, 0x23, 0x40,
0xCD, 0x21, 0x50, 0xE5, 0x08, 0xA0, 0x2B, 0x77, 0x4F, 0xB7, 0xDB, 0xFE, 0x10, 0x00, 0xEF, 0x08,
0x80, 0x77, 0xBF, 0xB6, 0x02, 0x60, 0x14, 0xA0, 0x7E, 0x04, 0xA8, 0x39, 0x04, 0x9A, 0x7C, 0x0E,
0x9C, 0x8C, 0x00, 0xBA, 0x72, 0xF7, 0x74, 0xBB, 0xED, 0x0F, 0x01, 0xF0, 0x8E, 0x00, 0x78, 0x97,
0x04, 0xC0, 0x18, 0x01, 0xB2, 0x02, 0x3C, 0x02, 0x50, 0x52, 0x80, 0xC5, 0x11, 0xA0, 0xEE, 0x10,
0x48, 0x57, 0xEE, 0x9E, 0x6E, 0xB7, 0xFD, 0x21, 0x00, 0xDE, 0x11, 0x00, 0xEF, 0x7E, 0x5D, 0x3A,
0x02, 0x94, 0x1E, 0x02, 0xAD, 0x1B, 0x01, 0x0A, 0x0E, 0x81, 0x74, 0xE5, 0xEE, 0xE9, 0x76, 0xDB,
0x1F, 0x02, 0xE0, 0x1D, 0x01, 0xF0, 0x2E, 0x0D, 0x40, 0xDF, 0x23, 0x80, 0xAE, 0xDC, 0x3D, 0xDD,
0x6E, 0xFB, 0x43, 0x00, 0xBC, 0x23, 0x00, 0xDE, 0xFD, 0xFA, 0x34, 0x23, 0x80, 0xAE, 0xDC, 0x3D,
0xDD, 0x6E, 0xFB, 0x43, 0x00, 0xBC, 0x23, 0x00, 0xDE, 0xFD, 0xBA, 0xBC, 0x00, 0xF5, 0xCF, 0x81,
0x9B, 0x7E, 0x14, 0x54, 0x57, 0xEE, 0x9E, 0x6E, 0xB7, 0xFD, 0x21, 0x00, 0xDE, 0x11, 0x00, 0xEF,
0xC6, 0x01, 0x30, 0x0E, 0x81, 0xEA, 0x47, 0x80, 0x9A, 0x43, 0xA0, 0x8A, 0x11, 0x40, 0x57, 0xEE,
0x9E, 0x6E, 0xB7, 0xFD, 0x21, 0x00, 0xDE, 0x11, 0x00, 0xEF, 0x7E, 0xD3, 0x62, 0x04, 0x68, 0x72,
0x08, 0xB4, 0xF4, 0x51, 0x50, 0x5D, 0xB9, 0x7B, 0xBA, 0xDD, 0xF6, 0x87, 0x00, 0x78, 0x47, 0x00,
0xBC, 0x93, 0x00, 0x18, 0x23, 0x40, 0x56, 0x80, 0x47, 0x00, 0x4A, 0x0F, 0x81, 0x66, 0x47, 0x80,
0xF2, 0x43, 0x20, 0x5D, 0xB9, 0x7B, 0xBA, 0xDD, 0xF6, 0x87, 0x00, 0x78, 0x47, 0x00, 0xBC, 0xFB,
0x4D, 0xCD, 0x08, 0x50, 0x7A, 0x08, 0xB4, 0x6E, 0x04, 0x58, 0x38, 0x04, 0xD2, 0x95, 0xBB, 0xA7,
0xDB, 0x6D, 0x7F, 0x08, 0x80, 0x77, 0x04, 0xC0, 0xBB, 0x5B, 0x00, 0xCC, 0x02, 0x74, 0x36, 0x02,
0xE8, 0xCA, 0xDD, 0xD3, 0xED, 0xB6, 0x3F, 0xB2, 0xFF, 0x13, 0x00, 0x77, 0x08, 0x80, 0x77, 0xBF,
0xD1, 0x11, 0xC0, 0x28, 0x40, 0xC3, 0x11, 0xC0, 0x28, 0x40, 0xE9, 0x08, 0xA0, 0x2B, 0x77, 0x4F,
0xB7, 0xDB, 0xFE, 0x30, 0x00, 0x78, 0x47, 0x00, 0xBC, 0xBB, 0x07, 0xC0, 0x1C, 0x01, 0x8C, 0x02,
0x4C, 0x3E, 0x07, 0x1E, 0x07, 0xA0, 0xE4, 0xA3, 0xA0, 0x46, 0x01, 0x66, 0x47, 0x00, 0x5D, 0xB9,
0x7B, 0xBA, 0xDD, 0x76, 0x67, 0xD8, 0xFF, 0x09, 0x80, 0x53, 0x04, 0xC0, 0xBB, 0xDF, 0x6C, 0x1A,
0x01, 0x4A, 0x0B, 0xB0, 0x6E, 0x04, 0x18, 0x17, 0x40, 0x57, 0xEE, 0x9E, 0xEE, 0xB7, 0xDD, 0x21,
0x00, 0xEE, 0x11, 0x00, 0xEF, 0x2E, 0x01, 0xA8, 0x79, 0x0E, 0x3C, 0x39, 0x02, 0x94, 0x1E, 0x02,
0x2D, 0x8E, 0x00, 0x53, 0x87, 0x40, 0xBA, 0x72, 0xF7, 0x74, 0xBF, 0xED, 0x0E, 0x01, 0x70, 0x8F,
0x00, 0x78, 0x67, 0x04, 0xC0, 0x18, 0x01, 0xB2, 0x02, 0x34, 0x1D, 0x01, 0xCA, 0x0E, 0x81, 0x74,
0xE5, 0xEE, 0xE9, 0x7E, 0xDB, 0x1D, 0x02, 0xE0, 0x1E, 0x01, 0xF0, 0xEE, 0x1A, 0x80, 0x9A, 0x11,
0x60, 0xF3, 0x73, 0xE0, 0xD9, 0x11, 0x60, 0xE6, 0x39, 0xB0, 0xAE, 0xDC, 0x3D, 0xDD, 0x6F, 0xBB,
0x43, 0x00, 0xDC, 0x23, 0x00, 0xDE, 0x0D, 0x01, 0x30, 0x0B, 0xD0, 0x6C, 0x04, 0x30, 0x0B, 0x50,
0x35, 0x02, 0xE8, 0xCA, 0xBD, 0xD3, 0xED, 0xB6, 0x3F, 0x04, 0xC0, 0x3D, 0x02, 0xE0, 0xDD, 0x2D,
0x00, 0xCB, 0x87, 0x40, 0x0D, 0x47, 0x00, 0xA3, 0x00, 0x25, 0x23, 0x80, 0xAE, 0xDC, 0x3B, 0xDD,
0x6E, 0xFB, 0x43, 0x00, 0xDC, 0x23, 0x00, 0xDE, 0xDD, 0x03, 0x50, 0x73, 0x08, 0x34, 0xF9, 0x1C,
0x78, 0x1C, 0x80, 0xE9, 0x02, 0x0C, 0x01, 0x30, 0x0A, 0x30, 0xF9, 0x1C, 0x58, 0x57, 0xEE, 0x9D,
0x6E, 0xB7, 0xFD, 0x21, 0x00, 0xEE, 0x11, 0x00, 0xEF, 0xEC, 0x00, 0x18, 0x23, 0x40, 0x56, 0x80,
0xDA, 0x43, 0xA0, 0x75, 0x23, 0xC0, 0x50, 0x00, 0x5D, 0xB9, 0x77, 0xF7, 0xFF, 0xEF, 0xDA, 0x8E,
0x11, 0x00, 0xF7, 0x08, 0x80, 0x77, 0x8F, 0x00, 0xD4, 0x8C, 0x00, 0x9B, 0x0F, 0x81, 0x66, 0x47,
0x80, 0xA9, 0x43, 0x20, 0x5D, 0xB9, 0x77, 0x8F, 0xFF, 0x7E, 0x85, 0x7E, 0x11, 0x00, 0xF7, 0x08,
0x80, 0x77, 0x13, 0x01, 0x38, 0x7C, 0x04, 0x58, 0x7E, 0x0E, 0xAC, 0x2B, 0x77, 0xEE, 0xF9, 0x5F,
0xB0, 0xD3, 0x2F, 0x02, 0xE0, 0x1E, 0x01, 0xF0, 0xEE, 0x19, 0x80, 0xEE, 0x47, 0x00, 0x5D, 0xB9,
0x73, 0xA7, 0x0A, 0xC0, 0xED, 0x3F, 0xEB, 0x25, 0xE0, 0xF4, 0x08, 0x80, 0x77, 0xE3, 0x00, 0x98,
0x05, 0x98, 0x1C, 0x01, 0x8C, 0x02, 0x8C, 0x03, 0xD0, 0xF4, 0xA3, 0xA0, 0xBA, 0x72, 0xDF, 0x86,
0x6D, 0xB5, 0x5F, 0x0C, 0x00, 0xEE, 0x11, 0x00, 0xEF, 0x7E, 0x3B, 0x35, 0x02, 0x18, 0x05, 0xA8,
0x1F, 0x01, 0x6A, 0x0E, 0x81, 0x96, 0x46, 0x00, 0x5D, 0xB9, 0x6F, 0xC9, 0xBF, 0x58, 0x77, 0x8B,
0x00, 0xB8, 0x47, 0x00, 0xBC, 0x4B, 0x02, 0x50, 0x73, 0x08, 0x54, 0x3F, 0x02, 0xD4, 0x1C, 0x02,
0x99, 0x1F, 0x05, 0xD5, 0x95, 0xFB, 0x46, 0x00, 0xD0, 0x01, 0x02, 0xE0, 0xDD, 0x6F, 0x6B, 0x46,
0x80, 0xAC, 0x00, 0x8F, 0x00, 0x94, 0x14, 0x60, 0x71, 0x04, 0x58, 0x38, 0x04, 0xD2, 0x95, 0xBB,
0x96, 0xEC, 0xAB, 0xFD, 0x22, 0x00, 0xEE, 0x11, 0x00, 0xEF, 0xD2, 0x00, 0xD4, 0x8C, 0x00, 0xA5,
0x87, 0x40, 0xEB, 0x46, 0x00, 0xEB, 0x10, 0x48, 0x57, 0xEE, 0x1A, 0x01, 0x40, 0x0F, 0x08, 0x80,
0x77, 0xBF, 0x3D, 0xCD, 0x08, 0xA0, 0x2B, 0xF7, 0x2C, 0xDD, 0x57, 0xFB, 0x45, 0x00, 0xDC, 0x23,
0x00, 0xDE, 0x8D, 0x02, 0xB0, 0x5C, 0x80, 0x17, 0x8E, 0x00, 0xBA, 0x72, 0xCF, 0x4E, 0xB1, 0xFF,
0x13, 0x00, 0xFF, 0x08, 0x80, 0x77, 0xBF, 0xCD, 0x46, 0x80, 0xD2, 0x43, 0xA0, 0xFA, 0xE7, 0xC0,
0xDB, 0x3E, 0x0A, 0xAA, 0x2B, 0x77, 0x2C, 0xDD, 0x56, 0xFB, 0x35, 0xEC, 0xFF, 0x04, 0xC0, 0x2B,
0x02, 0xE0, 0xDD, 0x25, 0x00, 0x35, 0x87, 0x40, 0x93, 0x23, 0x40, 0x69, 0x01, 0x86, 0x00, 0x18,
0x05, 0x98, 0x19, 0x01, 0x74, 0xE1, 0x9E, 0x9D, 0x2D, 0x00, 0xD7, 0xFF, 0xA8, 0x17, 0x01, 0x07,
0x08, 0x80, 0x77, 0x12, 0x80, 0x9A, 0xE7, 0xC0, 0x93, 0x23, 0x40, 0x93, 0x43, 0x20, 0xFD, 0x28,
0xA8, 0x2E, 0xDC, 0xB1, 0xD1, 0xBE, 0xDA, 0x2F, 0x02, 0xE0, 0x1F, 0x01, 0xF0, 0xEE, 0x1A, 0x80,
0x9A, 0x11, 0x20, 0x2B, 0x40, 0xD3, 0x11, 0x60, 0xFA, 0x10, 0x48, 0x17, 0xEE, 0x18, 0x01, 0x40,
0x27, 0x08, 0x80, 0x77, 0x1A, 0x80, 0x9A, 0x11, 0xE0, 0xD0, 0xE7, 0xC0, 0xBA, 0x70, 0xBF, 0x4E,
0xB2, 0xFF, 0x13, 0x80, 0x00, 0x08, 0x80, 0x77, 0xB7, 0x00, 0x94, 0x3C, 0x07, 0x7E, 0xF1, 0x08,
0xA0, 0x0B, 0xF7, 0x8B, 0x00, 0xA0, 0x17, 0x04, 0xC0, 0xBB, 0x2C, 0x00, 0xCB, 0x87, 0x40, 0x0D,
0x47, 0x00, 0xA3, 0x00, 0x53, 0x23, 0x80, 0x2E, 0xDC, 0xAD, 0xF1, 0xB6, 0xDA, 0xAF, 0x61, 0xFF,
0x27, 0x00, 0x6E, 0x11, 0x00, 0xEF, 0xEE, 0x01, 0x98, 0x2E, 0xC0, 0x10, 0x00, 0xA3, 0x00, 0x93,
0xCF, 0x81, 0xC7, 0x01, 0x28, 0xF9, 0x28, 0xA8, 0x51, 0x80, 0x90, 0x01, 0x90, 0x6D, 0xB5, 0x5F,
0x04, 0x20, 0x00, 0x02, 0xE0, 0xDD, 0x23, 0x00, 0x35, 0xCF, 0x81, 0x27, 0x47, 0x80, 0xD2, 0x02,
0xAC, 0x19, 0x01, 0x74, 0xE1, 0x5E, 0x9D, 0x30, 0x00, 0xB7, 0xFF, 0xAC, 0x17, 0x02, 0x07, 0x08,
0x80, 0x77, 0x46, 0x00, 0x6A, 0x46, 0x80, 0xCD, 0x87, 0x40, 0x8B, 0x23, 0xC0, 0xA3, 0x00, 0xBA,
0x70, 0xA7, 0x74, 0x5B, 0xED, 0x97, 0xAC, 0x54, 0x2F, 0x04, 0x1E, 0x10, 0x00, 0xEF, 0x9E, 0x01,
0xA8, 0x19, 0x01, 0xB2, 0x43, 0xA0, 0xA6, 0x23, 0x80, 0x7D, 0x08, 0xA4, 0x0B, 0x77, 0x8A, 0x00,
0xA0, 0x23, 0x04, 0xC0, 0x3B, 0x2B, 0x00, 0xFD, 0x8C, 0x00, 0x49, 0x01, 0x74, 0xE1, 0x3E, 0x0D,
0xBB, 0x6A, 0xEF, 0x01, 0xD0, 0x95, 0xEA, 0x95, 0xC0, 0x03, 0x02, 0xE0, 0xDD, 0xEF, 0xAC, 0x02,
0xD4, 0x7F, 0x14, 0xD4, 0x28, 0xC0, 0x38, 0x00, 0x25, 0xCF, 0x81, 0x67, 0x47, 0x00, 0x5D, 0xB8,
0x4B, 0xBA, 0xAB, 0x76, 0x4C, 0x97, 0xAA, 0x97, 0x02, 0x0F, 0x08, 0x80, 0x77, 0x49, 0x00, 0x6A,
0x0E, 0x81, 0x1A, 0x8E, 0x00, 0x46, 0x01, 0xAC, 0x11, 0x40, 0x17, 0xEE, 0x92, 0xEE, 0xAA, 0x1D,
0xD3, 0xA5, 0xEA, 0xA5, 0xC0, 0x03, 0x02, 0xE0, 0xDD, 0xEF, 0xCC, 0x11, 0xA0, 0xE6, 0x10, 0xA8,
0x7E, 0x04, 0xA8, 0x39, 0x04, 0x7A, 0x3E, 0x07, 0xD6, 0x85, 0x7B, 0x94, 0x6C, 0xAA, 0x27, 0x0A,
0xC0, 0xF5, 0x3F, 0xEA, 0xA5, 0xC0, 0x05, 0x02, 0xE0, 0x5D, 0x1A, 0x80, 0x9A, 0x11, 0x20, 0x2B,
0xC0, 0x23, 0x00, 0x25, 0x05, 0x58, 0x1C, 0x01, 0x8C, 0x43, 0x20, 0x5D, 0xB8, 0x47, 0x04, 0x00,
0x7D, 0x21, 0x00, 0xDE, 0xFD, 0x6E, 0xFB, 0x08, 0xB0, 0xF9, 0x10, 0x68, 0x76, 0x04, 0x78, 0x14,
0x40, 0x17, 0xEE, 0xD0, 0x39, 0xF7, 0x7F, 0x02, 0xE0, 0x18, 0x01, 0xF0, 0x6E, 0x14, 0x80, 0x9E,
0x47, 0x00, 0x5D, 0xB8, 0x3F, 0xC9, 0x9E, 0x4A, 0x00, 0xD0, 0x05, 0x02, 0xE0, 0xDD, 0xEF, 0xCE,
0x32, 0x02, 0xE8, 0xC2, 0xDD, 0x49, 0xB6, 0x54, 0x02, 0x80, 0x3E, 0x10, 0x00, 0xEF, 0x2E, 0x01,
0x30, 0x0B, 0xD0, 0xDB, 0x47, 0x41, 0x75, 0xE1, 0xEE, 0x24, 0x5B, 0x6A, 0xFF, 0xFB, 0x3F, 0x01,
0x88, 0x81, 0x00, 0x78, 0x27, 0x01, 0xA8, 0x39, 0x04, 0xAA, 0x1F, 0x01, 0x6A, 0x0E, 0x81, 0x74,
0x04, 0xD0, 0x85, 0x7B, 0x93, 0xEC, 0xA8, 0xE7, 0x0A, 0xC0, 0xF5, 0x3F, 0xEA, 0xD5, 0xC0, 0x07,
0x02, 0xE0, 0xDD, 0x35, 0x00, 0xE6, 0x08, 0x50, 0x73, 0x08, 0x54, 0x3F, 0x02, 0xD4, 0x1C, 0x02,
0x5D, 0x3F, 0x0A, 0xAA, 0x0B, 0x77, 0x26, 0xDD, 0xFD, 0x4F, 0x10, 0x00, 0x5D, 0xAA, 0x5E, 0x0E,
0x7C, 0x20, 0x00, 0xDE, 0x69, 0x00, 0x6A, 0x46, 0x80, 0xAC, 0x00, 0x8F, 0x00, 0x94, 0x14, 0x60,
0x71, 0x04, 0x90, 0x02, 0xE8, 0xC2, 0x7D, 0x49, 0x36, 0xD4, 0xE7, 0xA6, 0xDA, 0x33, 0x5D, 0xAB,
0x5E, 0x0F, 0x7C, 0x20, 0x00, 0xDE, 0xDD, 0x02, 0xB0, 0x79, 0x04, 0x28, 0x3D, 0x04, 0x5A, 0x37,
0x02, 0x5C, 0x0A, 0xA0, 0x0B, 0x77, 0x25, 0xD9, 0x4F, 0x87, 0x4D, 0xB5, 0x67, 0xBA, 0x56, 0xBD,
0x20, 0xF8, 0x40, 0x00, 0xBC, 0xCB, 0x02, 0xD0, 0xEB, 0x08, 0xA0, 0x0B, 0x77, 0x25, 0xD9, 0x4F,
0x87, 0x4D, 0xB5, 0x67, 0xB2, 0x54, 0xBD, 0x1E, 0x38, 0x41, 0x00, 0xBC, 0xBB, 0x07, 0xA0, 0x64,
0x04, 0x30, 0x0A, 0x70, 0xE0, 0x08, 0xA0, 0x0B, 0xF7, 0x24, 0xDD, 0xFB, 0x87, 0x5D, 0xB5, 0x63,
0xBA, 0x54, 0xBD, 0x20, 0x38, 0x41, 0x00, 0xBC, 0x7B, 0x04, 0xC0, 0x2C, 0xC0, 0xE4, 0x47, 0x41,
0x8D, 0x02, 0xD4, 0x3F, 0x07, 0xAE, 0xFB, 0x28, 0xA8, 0x2E, 0xDC, 0x91, 0x64, 0x3B, 0x4D, 0x36,
0xD5, 0x9E, 0xE9, 0x5A, 0xF5, 0x8A, 0xE0, 0x04, 0x01, 0xF0, 0xCE, 0x08, 0x40, 0xCD, 0x21, 0xD0,
0xE4, 0x08, 0x50, 0x5A, 0x80, 0x21, 0x00, 0x46, 0x01, 0xD2, 0x11, 0x40, 0x17, 0xEE, 0x47, 0xB2,
0x9B, 0xA6, 0x9B, 0x6A, 0xCF, 0x74, 0xA9, 0x7A, 0x49, 0x70, 0x82, 0x00, 0x78, 0xF7, 0x0C, 0x80,
0x39, 0x02, 0xD4, 0x3C, 0x07, 0x9E, 0x1C, 0x01, 0x9A, 0x1C, 0x02, 0xF9, 0x0D, 0x40, 0xBA, 0xF3,
0x8F, 0x76, 0xD5, 0x8E, 0xC9, 0x52, 0xF5, 0x92, 0xE0, 0x05, 0x01, 0xF0, 0xCE, 0x0A, 0x40, 0xCD,
0x08, 0x90, 0x15, 0xA0, 0xE9, 0x08, 0x90, 0x14, 0x40, 0x17, 0xEE, 0x45, 0xBA, 0xF1, 0x3F, 0xE8,
0x7E, 0xDB, 0x1B, 0x5D, 0xAA, 0x5E, 0x13, 0xBC, 0x20, 0x00, 0xDE, 0x0D, 0x01, 0xD8, 0x3C, 0x02,
0xEC, 0xFB, 0x1C, 0x58, 0x17, 0xEE, 0x44, 0xB2, 0x97, 0x3E, 0xE9, 0x7E, 0xDB, 0x1D, 0x5D, 0xAB,
0x5E, 0x14, 0xBC, 0x20, 0x00, 0xDE, 0x99, 0x01, 0x28, 0x79, 0x0E, 0xDC, 0x6C, 0x04, 0x30, 0x0B,
0x90, 0x8F, 0x00, 0xBA, 0x70, 0x1F, 0x92, 0xAD, 0xF4, 0x49, 0xB7, 0xDB, 0xFE, 0xE8, 0x5A, 0xF5,
0xAA, 0xE0, 0x05, 0x01, 0xF0, 0x2E, 0x09, 0x40, 0xC9, 0x08, 0x60, 0x14, 0xA0, 0xE1, 0x08, 0x60,
0x14, 0xC0, 0x77, 0x00, 0xD2, 0x7D, 0xFF, 0x49, 0xB7, 0xDB, 0xFE, 0xC8, 0x5A, 0xF5, 0xAA, 0xE0,
0x06, 0x01, 0xF0, 0x2E, 0x0D, 0x40, 0x49, 0x01, 0x86, 0x00, 0x18, 0x05, 0x98, 0x7C, 0x0E, 0x3C,
0x0E, 0x40, 0xC9, 0x08, 0x90, 0x15, 0x40, 0x17, 0xEE, 0x41, 0xBA, 0xED, 0x3F, 0xE9, 0x6E, 0xDB,
0x1F, 0x5D, 0xAC, 0x5E, 0x16, 0xDC, 0x20, 0x00, 0xDE, 0x4D, 0x04, 0xA0, 0x9F, 0xE7, 0xC0, 0x8E,
0x03, 0x90, 0x6C, 0xA4, 0x03, 0xDD, 0x6D, 0x3B, 0xA4, 0xAB, 0xD5, 0xEB, 0x82, 0x1B, 0x04, 0xC0,
0xBB, 0x51, 0x00, 0x36, 0x8F, 0x00, 0x9B, 0x0F, 0x81, 0xA6, 0x47, 0x00, 0x5D, 0xF8, 0xF9, 0x25,
0xFB, 0x68, 0x42, 0x77, 0xDB, 0x0E, 0xE9, 0x62, 0xF5, 0xC2, 0xE0, 0x06, 0x01, 0xF0, 0x6E, 0x2A,
0x00, 0xFD, 0x8C, 0x00, 0xF7, 0x02, 0xE8, 0xC2, 0x4F, 0x2F, 0xDD, 0xF5, 0x07, 0xBA, 0xD9, 0xF6,
0x48, 0x56, 0xAB, 0x17, 0x06, 0x3F, 0x08, 0x80, 0x77, 0xE3, 0x00, 0x74, 0x3C, 0x02, 0xE8, 0xC2,
0xCF, 0x2E, 0xDD, 0xF5, 0x13, 0xBA, 0xD9, 0x76, 0x48, 0x57, 0xAB, 0x57, 0x06, 0x3F, 0x08, 0x80,
0x77, 0xBF, 0x2F, 0x28, 0x40, 0xFD, 0x47, 0x41, 0x8D, 0x02, 0x8C, 0x03, 0x50, 0xF2, 0x1C, 0x78,
0x3C, 0x02, 0xE8, 0xC2, 0x4F, 0x2E, 0xD9, 0x45, 0x53, 0xBA, 0xD9, 0xF6, 0x48, 0x57, 0xAB, 0x97,
0x06, 0x3F, 0x08, 0x80, 0x77, 0xD3, 0x01, 0xA8, 0x39, 0x04, 0xAA, 0x1F, 0x01, 0x6A, 0x0E, 0x81,
0x1C, 0x06, 0x20, 0xDD, 0xF4, 0x13, 0xBA, 0xD7, 0xF6, 0x48, 0x97, 0xAB, 0x97, 0x06, 0x47, 0x08,
0x80, 0x77, 0xBF, 0x9F, 0x2E, 0xC0, 0x10, 0x80, 0x9A, 0x43, 0xA0, 0xFA, 0x11, 0xA0, 0xEC, 0x10,
0x48, 0x17, 0x7E, 0x6A, 0xC9, 0x26, 0x3A, 0xA2, 0x9B, 0x6D, 0x8F, 0x74, 0xB9, 0x7A, 0x6D, 0x70,
0x84, 0x00, 0x78, 0xF7, 0x7B, 0x2D, 0xC0, 0xBA, 0x11, 0x20, 0x2B, 0xC0, 0x23, 0x00, 0x25, 0x05,
0x58, 0x1C, 0x01, 0x2E, 0x05, 0xD0, 0x85, 0x9F, 0x58, 0xB2, 0x85, 0x8E, 0xE9, 0x5E, 0xDB, 0x25,
0x5D, 0xAE, 0x5E, 0x1D, 0x1C, 0x21, 0x00, 0xDE, 0x65, 0x01, 0xD8, 0x3C, 0x02, 0x94, 0x1E, 0x02,
0x55, 0x8E, 0x00, 0xBA, 0xF0, 0xF3, 0x4A, 0xB7, 0xFC, 0x11, 0xDD, 0x6A, 0xBB, 0xA4, 0xEB, 0xD5,
0xAB, 0x83, 0x27, 0x04, 0xC0, 0xBB, 0xDF, 0x67, 0x05, 0xE8, 0x74, 0x04, 0xD0, 0x85, 0x9F, 0x56,
0xB2, 0x83, 0x0A, 0xDD, 0x6B, 0xBB, 0xA4, 0xEB, 0xD5, 0xCB, 0x83, 0x27, 0x04, 0xC0, 0xBB, 0x3C,
0x00, 0x9D, 0x8E, 0x00, 0xBA, 0xF0, 0xB3, 0x4A, 0x36, 0x50, 0xA1, 0x5B, 0x6D, 0x97, 0xB2, 0xF5,
0xEA, 0xF5, 0xC1, 0x13, 0x02, 0xE0, 0xDD, 0xC7, 0x85, 0x05, 0x78, 0xF9, 0x47, 0x41, 0x75, 0xE1,
0x27, 0x95, 0x6C, 0xA0, 0x42, 0xB7, 0xDA, 0x3E, 0xE9, 0x82, 0xF5, 0xFA, 0xE0, 0x0A, 0x01, 0xF0,
0xEE, 0x1A, 0x80, 0x26, 0x87, 0x40, 0xF5, 0x23, 0x40, 0xCD, 0x21, 0x90, 0x8F, 0x00, 0x24, 0xDB,
0x67, 0x46, 0xB7, 0xDA, 0x3E, 0xE9, 0x7A, 0xF5, 0x0A, 0xE1, 0x0A, 0x01, 0xF0, 0xEE, 0xE3, 0xD2,
0x11, 0xA0, 0xE6, 0x10, 0x68, 0x72, 0x04, 0xD8, 0x70, 0x08, 0xA4, 0x0B, 0x3F, 0xA3, 0x74, 0xBF,
0x57, 0xBA, 0xD3, 0xF6, 0x49, 0x17, 0xAC, 0x57, 0x08, 0x5F, 0x5C, 0xFC, 0x63, 0x87, 0x19, 0xB7,
0x00, 0x34, 0x19, 0x01, 0xB2, 0x02, 0x3C, 0x02, 0x50, 0x7A, 0x08, 0x34, 0x3B, 0x02, 0xE8, 0xC2,
0x4F, 0x28, 0xD9, 0x3D, 0x33, 0xBA, 0xD3, 0x76, 0x4A, 0x57, 0xAC, 0x97, 0x08, 0x5F, 0x3C, 0xFC,
0x63, 0x87, 0x39, 0x1F, 0xEF, 0x32, 0x02, 0x94, 0x1E, 0x02, 0x55, 0x8C, 0x00, 0xBA, 0xF0, 0xF3,
0x49, 0x36, 0xCF, 0x8C, 0x6E, 0xB4, 0x9D, 0xCA, 0x56, 0xAC, 0xD7, 0x08, 0x5F, 0x1C, 0xFC, 0x63,
0x87, 0x59, 0x1F, 0x9B, 0x05, 0x98, 0x1C, 0x01, 0xCC, 0x02, 0x1C, 0x32, 0x02, 0xE8, 0xC2, 0x4F,
0x27, 0xD9, 0x3C, 0x73, 0xBA, 0xD3, 0x76, 0x4A, 0x57, 0xAC, 0xD7, 0x08, 0x67, 0xCE, 0xFF, 0x8F,
0x1D, 0xE6, 0xD9, 0x01, 0x28, 0x19, 0x01, 0x8C, 0x02, 0xEC, 0x39, 0x02, 0xE8, 0xC2, 0x4F, 0x26,
0xD9, 0x3A, 0x0D, 0xBA, 0xD1, 0x76, 0x2A, 0x5B, 0xB1, 0x5E, 0x25, 0x9C, 0x39, 0xFB, 0x3F, 0x76,
0x58, 0x72, 0x09, 0x40, 0x69, 0x01, 0x26, 0x47, 0x00, 0xA3, 0x00, 0x93, 0xCF, 0x81, 0xC7, 0x01,
0x28, 0xF9, 0x28, 0xE8, 0xAD, 0x00, 0xBA, 0xF0, 0x73, 0x49, 0xB6, 0x4E, 0x83, 0x6E, 0xB4, 0xBD,
0xD2, 0x25, 0xEB, 0x55, 0xC2, 0x9B, 0x93, 0xFF, 0x63, 0x87, 0x45, 0xCF, 0x00, 0x94, 0x1E, 0x02,
0xAD, 0x1B, 0x01, 0x4A, 0x0B, 0x30, 0x04, 0x40, 0x0F, 0x81, 0x74, 0xE1, 0xA7, 0x92, 0xEC, 0x9C,
0x06, 0xDD, 0x67, 0xBB, 0xA5, 0x6B, 0xD6, 0xCB, 0x84, 0x37, 0xE7, 0xFE, 0xC7, 0x0E, 0xCB, 0xAE,
0x01, 0x28, 0x1D, 0x01, 0x6A, 0x9E, 0x03, 0x4F, 0x8E, 0x00, 0x2B, 0x0F, 0x81, 0x74, 0xE1, 0x67,
0x92, 0x6C, 0x9C, 0x06, 0xDD, 0x66, 0xBB, 0x95, 0xAD, 0x59, 0xAF, 0x13, 0xDE, 0x9C, 0xFA, 0x1F,
0x3B, 0x14, 0xB8, 0x05, 0xC0, 0x28, 0xC0, 0xBA, 0x11, 0x20, 0x2B, 0x40, 0xB3, 0x11, 0x40, 0x17,
0x7E, 0x1E, 0xC9, 0xBE, 0x69, 0xD2, 0x7D, 0xB6, 0x5B, 0xBA, 0x66, 0xBD, 0x50, 0xB8, 0x73, 0xE2,
0x7F, 0xEC, 0x50, 0x64, 0x32, 0x00, 0x9B, 0x47, 0x80, 0xC6, 0xCF, 0x81, 0x75, 0xE1, 0xA7, 0x91,
0x6C, 0x9B, 0x26, 0xDD, 0x66, 0xBB, 0x95, 0xAD, 0x59, 0xAF, 0x14, 0xEE, 0x9C, 0xF7, 0x1F, 0x3B,
0x94, 0xB9, 0x07, 0xC0, 0x28, 0xC0, 0xE4, 0x08, 0x60, 0x16, 0xA0, 0xD9, 0x08, 0x60, 0x16, 0xE0,
0xC4, 0x01, 0x48, 0xB6, 0x4D, 0x93, 0x6E, 0xB3, 0xFD, 0xD2, 0x45, 0xEB, 0x95, 0xC2, 0x9F, 0xD3,
0xFE, 0x63, 0x87, 0x42, 0xD3, 0x01, 0x98, 0x2E, 0xC0, 0x10, 0x00, 0xA3, 0x00, 0x0D, 0x47, 0x80,
0x51, 0x01, 0x74, 0xE1, 0xE7, 0x90, 0x6C, 0x9A, 0x36, 0xDD, 0x65, 0x3B, 0xA6, 0xAB, 0xD6, 0x6B,
0x85, 0x3F, 0x27, 0xFD, 0xC7, 0x0E, 0xC5, 0x1E, 0x01, 0x98, 0x2F, 0xC0, 0x10, 0x80, 0x9A, 0x43,
0xA0, 0xC9, 0xE7, 0xC0, 0xE3, 0x00, 0x94, 0x8C, 0x00, 0x3F, 0x3A, 0xE7, 0x3B, 0x31, 0xD9, 0x33,
0x6D, 0xBA, 0xC9, 0x76, 0x2C, 0x5B, 0xB5, 0x5E, 0x2C, 0xFC, 0x39, 0xE7, 0x3F, 0x76, 0x28, 0x37,
0x0A, 0x40, 0xE9, 0x21, 0xD0, 0xEC, 0x08, 0x90, 0x15, 0xA0, 0xF6, 0x10, 0xC8, 0x1E, 0x01, 0x74,
0xE1, 0x67, 0x90, 0xEC, 0x99, 0x36, 0xDD, 0x64, 0x7B, 0xA6, 0xCB, 0xD6, 0x8B, 0x85, 0x43, 0xA7,
0xFC, 0xC7, 0x0E, 0x15, 0x9E, 0x01, 0xD8, 0x63, 0x04, 0xD8, 0x7C, 0x08, 0x94, 0x8C, 0x00, 0xBA,
0xF0, 0xFE, 0x25, 0x3B, 0xE6, 0x04, 0xDD, 0x63, 0x7B, 0x96, 0x2D, 0x5B, 0x2F, 0x17, 0x0E, 0x11,
0x00, 0xEF, 0x86, 0x00, 0x18, 0x05, 0xE8, 0x69, 0x04, 0xD0, 0x85, 0x77, 0x2F, 0xD9, 0x31, 0x27,
0xE8, 0x1E, 0xDB, 0x35, 0x5D, 0xB7, 0x5E, 0x2E, 0x3C, 0x22, 0x00, 0xDE, 0x7D, 0x32, 0x17, 0x80,
0x9E, 0x46, 0x00, 0x5D, 0x78, 0xEF, 0x92, 0x0D, 0x73, 0x82, 0x6E, 0xB1, 0x5D, 0xCB, 0xD6, 0xAD,
0xD7, 0x0B, 0x8F, 0x08, 0x80, 0x77, 0x49, 0x00, 0x4A, 0x0B, 0x50, 0xFF, 0x51, 0x50, 0xA3, 0x00,
0xE3, 0x00, 0x14, 0x3C, 0x07, 0xD6, 0x85, 0xF7, 0x2D, 0xD9, 0x2F, 0xA7, 0xE8, 0x16, 0xDB, 0x37,
0x5D, 0xB8, 0x5E, 0x30, 0x5C, 0x22, 0x00, 0xDE, 0x7D, 0x52, 0x3A, 0x02, 0xD4, 0x1C, 0x02, 0xD5,
0x8F, 0x00, 0xCB, 0x87, 0x40, 0xBA, 0xF0, 0xAE, 0x25, 0xDB, 0xE5, 0x14, 0xDD, 0x61, 0x3B, 0xA7,
0x0B, 0xD7, 0x2B, 0x86, 0x4B, 0x04, 0xC0, 0xBB, 0x34, 0x00, 0xF3, 0x05, 0x18, 0x02, 0x50, 0x73,
0x08, 0x54, 0x3F, 0x02, 0x4C, 0x1C, 0x02, 0xE9, 0xC2, 0x3B, 0x96, 0xEE, 0xF3, 0x53, 0x74, 0x83,
0xED, 0x9C, 0xAE, 0x5C, 0x2F, 0x19, 0x3E, 0x11, 0x00, 0xEF, 0x3E, 0xD1, 0x11, 0xA0, 0xD7, 0xE7,
0xC0, 0xBA, 0xF0, 0x7E, 0x25, 0x9B, 0xE5, 0x34, 0xDD, 0x61, 0x3B, 0xA7, 0x0B, 0xD7, 0x6B, 0x86,
0x4F, 0x04, 0xC0, 0xBB, 0x4F, 0xB2, 0x02, 0x8C, 0x03, 0xB0, 0x79, 0x04, 0x28, 0x3D, 0x04, 0x5A,
0x1A, 0x01, 0x74, 0xE1, 0xBD, 0x4A, 0x77, 0xF9, 0x49, 0xBA, 0xBF, 0xF6, 0x4E, 0x97, 0xAE, 0x17,
0x0D, 0xA7, 0x08, 0x80, 0x77, 0xE3, 0x00, 0x18, 0x05, 0xE8, 0x65, 0x04, 0xD0, 0x85, 0x77, 0x2A,
0xD9, 0x2A, 0xA7, 0xE9, 0xFE, 0xDA, 0x3D, 0x5D, 0xBA, 0x5E, 0x35, 0x9C, 0x22, 0x00, 0xDE, 0x5D,
0x02, 0x70, 0x8A, 0x11, 0x40, 0x17, 0xDE, 0xA5, 0x74, 0x97, 0x9F, 0xA6, 0xDB, 0x6B, 0xF7, 0x74,
0xED, 0x7A, 0xD9, 0xF0, 0x8A, 0x00, 0x78, 0x27, 0x01, 0x28, 0x2D, 0xC0, 0xE4, 0x47, 0x41, 0x8D,
0x02, 0xD4, 0x3F, 0x07, 0xB6, 0x3E, 0x0A, 0xAA, 0x0B, 0xEF, 0x50, 0xB2, 0x4F, 0xCE, 0xD0, 0xDD,
0xF5, 0x04, 0x74, 0xF1, 0x7A, 0xE1, 0xF0, 0x8A, 0x00, 0x78, 0x77, 0x0D, 0xC0, 0x1E, 0xCF, 0x81,
0xEB, 0x47, 0x80, 0xF9, 0x43, 0x20, 0x5D, 0x78, 0x77, 0xD2, 0x4D, 0x7E, 0x86, 0x6E, 0xAE, 0x27,
0xA0, 0xAB, 0xD7, 0x2B, 0x87, 0x5B, 0x04, 0xC0, 0x3B, 0x0D, 0x40, 0xE9, 0x08, 0x50, 0x73, 0x08,
0x34, 0x39, 0x02, 0xD4, 0x1C, 0x02, 0xE9, 0xC2, 0x7B, 0x93, 0xEC, 0x92, 0x33, 0x74, 0x6F, 0x3D,
0x05, 0x5D, 0xBE, 0x5E, 0x3A, 0xDC, 0x22, 0x00, 0xDE, 0xDD, 0x02, 0x30, 0x5F, 0x80, 0x75, 0x23,
0x40, 0x56, 0x80, 0x47, 0x00, 0x4A, 0x0F, 0x81, 0xC6, 0x23, 0x80, 0x2E, 0xBC, 0x2F, 0xE9, 0x26,
0x3F, 0x43, 0xB7, 0xD6, 0x53, 0xD0, 0xF5, 0xEB, 0xB5, 0xC3, 0x2F, 0x02, 0xE0, 0xDD, 0x3D, 0x00,
0xFD, 0x3F, 0x07, 0xD6, 0x85, 0xF7, 0x24, 0xD9, 0x22, 0x67, 0xE9, 0xD6, 0x7A, 0x0E, 0xBA, 0x7E,
0xBD, 0x7A, 0xF8, 0x45, 0x00, 0xBC, 0xCB, 0x03, 0x60, 0x14, 0x60, 0x72, 0x04, 0x30, 0x0B, 0xB0,
0xCF, 0x08, 0xA0, 0x0B, 0xEF, 0x48, 0xBA, 0xC7, 0xCF, 0xD0, 0x8D, 0xF5, 0x24, 0xF4, 0x0A, 0xF4,
0xEA, 0xE1, 0x18, 0x01, 0xF0, 0xEE, 0x11, 0x80, 0xCD, 0x23, 0x80, 0x51, 0x80, 0x86, 0x23, 0xC0,
0x8F, 0xFB, 0x0D, 0x40, 0xB2, 0x41, 0xCE, 0xD2, 0x8D, 0xF5, 0x2C, 0xF4, 0x0A, 0xF4, 0xFA, 0xE1,
0x18, 0x01, 0xF0, 0xEE, 0xD3, 0x3C, 0x00, 0xA5, 0x05, 0x98, 0x1C, 0x01, 0x8C, 0x02, 0x4C, 0x3E,
0x07, 0x1E, 0x07, 0x60, 0xE6, 0xA3, 0xA0, 0xBA, 0xF0, 0x3E, 0xA4, 0x3B, 0xFC, 0x2C, 0xDD, 0x56,
0x4F, 0x43, 0xAF, 0x41, 0xEF, 0x00, 0x3C, 0x23, 0x00, 0xDE, 0x7D, 0x6A, 0x14, 0x60, 0xFF, 0x8F,
0x82, 0x96, 0x16, 0x20, 0x19, 0x01, 0x74, 0xE1, 0x3D, 0x48, 0x36, 0xC7, 0x05, 0xBA, 0xAD, 0x9E,
0x87, 0x5E, 0x83, 0xDE, 0x03, 0x78, 0x46, 0x00, 0xBC, 0x1B, 0x02, 0xB0, 0xF9, 0x10, 0x68, 0x76,
0x04, 0xD8, 0x7C, 0x08, 0xA4, 0x0B, 0x7F, 0xBD, 0x74, 0x83, 0x5F, 0xA0, 0xBB, 0xEA, 0x79, 0xE8,
0x45, 0xE8, 0x4D, 0x80, 0x6B, 0x04, 0xC0, 0xBB, 0x4F, 0xAD, 0x11, 0xC0, 0x28, 0xC0, 0xBA, 0x11,
0x20, 0x3B, 0x04, 0x5A, 0x3F, 0x02, 0xE8, 0xC2, 0x5F, 0x2D, 0xD9, 0x19, 0x97, 0xE8, 0xA6, 0x7A,
0x26, 0x7A, 0x15, 0x7A, 0x1B, 0xE0, 0x1A, 0x01, 0xF0, 0x2E, 0x09, 0x40, 0xDF, 0x23, 0x80, 0x2E,
0xFC, 0xB5, 0xD2, 0xFD, 0x7D, 0x89, 0xEE, 0xA9, 0x67, 0xA2, 0x97, 0xA1, 0xF7, 0x01, 0xBE, 0x11,
0x00, 0xEF, 0x3E, 0xDD, 0x3C, 0x02, 0x98, 0x05, 0x68, 0x36, 0x02, 0x3C, 0x0B, 0xA0, 0x0B, 0x7F,
0xA1, 0x64, 0x57, 0x5C, 0xA6, 0x5B, 0xEA, 0xB9, 0xE8, 0x75, 0xE8, 0xAD, 0x80, 0x6F, 0x04, 0xC0,
0xBB, 0x34, 0x00, 0xA5, 0x23, 0x40, 0xCD, 0x21, 0x50, 0xB3, 0x11, 0x40, 0x17, 0xFE, 0x32, 0xE9,
0xEE, 0xBE, 0x4C, 0x77, 0xD4, 0x73, 0xD1, 0xEB, 0xD0, 0x7B, 0x01, 0xE7, 0x08, 0x80, 0x77, 0x97,
0x00, 0x94, 0x8D, 0x00, 0x9B, 0x0F, 0x81, 0x6E, 0x01, 0x30, 0x0A, 0x30, 0x0E, 0xC0, 0x44, 0x01,
0x74, 0xE1, 0xAF, 0x91, 0xEE, 0xED, 0x05, 0x74, 0x43, 0x3D, 0x99, 0xEC, 0x4A, 0xF4, 0x76, 0xC0,
0x39, 0x02, 0xE0, 0xDD, 0x35, 0x00, 0x46, 0x01, 0x9A, 0x7D, 0x14, 0x34, 0x2B, 0x40, 0xED, 0x21,
0x50, 0x47, 0x01, 0x48, 0x36, 0xC4, 0x22, 0xBA, 0xA1, 0x9E, 0x8D, 0x5E, 0x89, 0xDE, 0x0F, 0x78,
0x47, 0x00, 0xBC, 0x1B, 0x07, 0xA0, 0xF4, 0x10, 0x68, 0xDD, 0x08, 0xB0, 0xE9, 0x10, 0x48, 0x17,
0x7E, 0xB8, 0x74, 0x67, 0x2F, 0xA2, 0xDB, 0xE9, 0xE9, 0xE8, 0xB5, 0xE8, 0x1D, 0x81, 0x7B, 0x04,
0xC0, 0xBB, 0x5B, 0x00, 0x8C, 0x11, 0xC0, 0x28, 0xC0, 0x4B, 0x47, 0x00, 0x5D, 0xF8, 0xC1, 0x92,
0xCD, 0xB0, 0x90, 0x6E, 0xA7, 0xA7, 0x93, 0x5D, 0x8B, 0xDE, 0x13, 0xB8, 0x47, 0x00, 0xBC, 0x93,
0x00, 0xF4, 0x3B, 0x02, 0xE8, 0xC2, 0x8F, 0x94, 0x6C, 0x85, 0xA5, 0x74, 0x37, 0x3D, 0x21, 0xBD,
0x18, 0xBD, 0x2B, 0xF0, 0x8F, 0x00, 0x78, 0x77, 0x0F, 0x40, 0xD9, 0x08, 0x60, 0x16, 0xA0, 0xFE,
0xA3, 0xA0, 0x46, 0x01, 0xC6, 0x01, 0xB0, 0x3E, 0x0A, 0xAA, 0x0B, 0x3F, 0x4C, 0xBA, 0xAD, 0x97,
0xD2, 0xBD, 0xF4, 0x8C, 0xB2, 0xCB, 0xD1, 0x1B, 0x03, 0xFF, 0x08, 0x80, 0x77, 0x8F, 0x00, 0x18,
0x05, 0x98, 0x0D, 0x40, 0xCD, 0x21, 0x50, 0xFD, 0x08, 0x60, 0x1C, 0x02, 0xE9, 0xC2, 0x8F, 0x91,
0xEC, 0x82, 0x15, 0x74, 0x2F, 0x3D, 0x25, 0xBD, 0x1C, 0xBD, 0x35, 0x08, 0x80, 0x00, 0x78, 0x37,
0x13, 0x80, 0xF9, 0x02, 0x0C, 0x01, 0xA8, 0x39, 0x04, 0xAA, 0x1F, 0x01, 0x1E, 0x05, 0xD0, 0x85,
0x1F, 0x20, 0xDD, 0xD3, 0x2B, 0xE8, 0x4E, 0x7A, 0x4E, 0x7A, 0x41, 0x7A, 0x73, 0x10, 0x01, 0x01,
0xF0, 0xEE, 0x19, 0x00, 0xA3, 0x00, 0x5D, 0x7D, 0x14, 0x54, 0x17, 0xBE, 0xBB, 0x64, 0x07, 0xAC,
0xA1, 0x1B, 0xE9, 0x49, 0x65, 0x57, 0xA4, 0xB7, 0x07, 0x11, 0x10, 0x00, 0xEF, 0xF2, 0x00, 0x94,
0x1E, 0x02, 0xAD, 0x1B, 0x01, 0x4A, 0x0F, 0x81, 0xB2, 0x11, 0x40, 0x17, 0xBE, 0xAF, 0x64, 0xFF,
0xAB, 0xA3, 0x1B, 0xE9, 0x59, 0xE9, 0x15, 0xE9, 0x0D, 0x42, 0x08, 0x04, 0xC0, 0xBB, 0x21, 0x00,
0xC6, 0x08, 0x60, 0x14, 0xE0, 0x65, 0x23, 0x80, 0x2E, 0x7C, 0x47, 0xE9, 0x86, 0x5E, 0x47, 0xB7,
0xD1, 0xD3, 0xCA, 0xAE, 0x49, 0xEF, 0x11, 0x42, 0x20, 0x00, 0xDE, 0x7D, 0x96, 0x07, 0x60, 0xF3,
0x08, 0x60, 0x14, 0x60, 0xFB, 0x08, 0xA0, 0x0B, 0xDF, 0x4B, 0xB2, 0xF5, 0xD5, 0xD2, 0x5D, 0xF4,
0xBC, 0xB2, 0x8B, 0xD2, 0xBB, 0x84, 0x18, 0x08, 0x80, 0x77, 0x9F, 0x19, 0x05, 0x98, 0x1D, 0x01,
0xCC, 0x02, 0x4C, 0x7E, 0x14, 0xD4, 0x28, 0x40, 0xFD, 0x73, 0xE0, 0xEB, 0x47, 0x41, 0x75, 0xE1,
0xFB, 0x48, 0x76, 0xBE, 0x5A, 0xBA, 0x89, 0x9E, 0x99, 0x5E, 0x95, 0xDE, 0x26, 0x04, 0x41, 0x00,
0xBC, 0x4B, 0x03, 0x60, 0x14, 0xA0, 0xD9, 0x73, 0xE0, 0xC9, 0x11, 0xA0, 0xB4, 0x00, 0xBA, 0xF0,
0xE6, 0xD2, 0xCD, 0xBC, 0x9E, 0x6E, 0xA1, 0xA7, 0x96, 0x5D, 0x97, 0xDE, 0x2B, 0x04, 0x41, 0x00,
0xBC, 0xFB, 0xCC, 0x1A, 0x01, 0x36, 0x1F, 0x02, 0xAD, 0x1B, 0x01, 0x66, 0x0F, 0x81, 0x74, 0xE1,
0x2D, 0x25, 0x1B, 0xDE, 0x2A, 0xBA, 0x81, 0x9E, 0x5C, 0x76, 0x65, 0x7A, 0xBF, 0x10, 0x05, 0x01,
0xF0, 0x6E, 0x14, 0x00, 0x63, 0x04, 0x30, 0x0A, 0xB0, 0x6E, 0x04, 0xC8, 0x0A, 0x50, 0x39, 0x02,
0xE8, 0xC2, 0x5B, 0x49, 0x76, 0xBB, 0x95, 0x74, 0xFF, 0x3C, 0x3D, 0xBD, 0x34, 0xBD, 0x65, 0x08,
0x83, 0x00, 0x78, 0xF7, 0xD9, 0x0B, 0x46, 0x80, 0x55, 0xCF, 0x81, 0x75, 0xE1, 0x0D, 0xA4, 0xBB,
0xF8, 0x5A, 0xBA, 0x79, 0x3A, 0x90, 0x5D, 0x9D, 0xDE, 0x37, 0x84, 0x41, 0x00, 0xBC, 0x1B, 0x07,
0x60, 0xE3, 0x08, 0x60, 0x16, 0xA0, 0xD1, 0x08, 0xA0, 0x0B, 0xDF, 0x26, 0xD9, 0xE4, 0x36, 0xD0,
0xAD, 0xD3, 0x07, 0xBD, 0x3E, 0xBD, 0x77, 0x88, 0x83, 0x00, 0x78, 0x77, 0x09, 0xC0, 0x1E, 0x23,
0x80, 0x51, 0x80, 0x6D, 0x23, 0x80, 0x2E, 0x7C, 0xB5, 0x74, 0x07, 0xDF, 0x42, 0xF7, 0x4D, 0x2F,
0xF4, 0x0A, 0xF5, 0xFE, 0x21, 0x10, 0x02, 0xE0, 0xDD, 0x35, 0x00, 0x46, 0x01, 0x66, 0x47, 0x80,
0x92, 0x02, 0x0C, 0x01, 0x30, 0x0A, 0x30, 0xF9, 0x1C, 0x78, 0x1C, 0x80, 0x74, 0x04, 0xD0, 0x85,
0xAF, 0x91, 0xEE, 0xDF, 0xDB, 0xE8, 0xAE, 0xE9, 0x87, 0x5E, 0xA3, 0xDE, 0x43, 0x44, 0x42, 0x00,
0xBC, 0xD3, 0x00, 0x18, 0x05, 0xE8, 0xE3, 0xA3, 0xA0, 0xBA, 0xF0, 0x4A, 0xE9, 0xEE, 0xBD, 0x95,
0xEE, 0x99, 0x9E, 0x64, 0x97, 0xA9, 0x37, 0x12, 0x91, 0x10, 0x00, 0xEF, 0x6E, 0x01, 0x30, 0x46,
0x80, 0xCD, 0x87, 0x40, 0xB3, 0x23, 0x40, 0xFD, 0x21, 0x90, 0x2E, 0xBC, 0x5C, 0xB2, 0xA7, 0x6D,
0xA7, 0x1B, 0xA6, 0x33, 0xD9, 0x95, 0xEA, 0xCD, 0x44, 0x28, 0x04, 0xC0, 0xBB, 0x2C, 0x00, 0xC6,
0x08, 0x60, 0x14, 0x60, 0xDD, 0x08, 0x90, 0x1D, 0x02, 0x55, 0x8C, 0x00, 0xBA, 0xF0, 0x22, 0xC9,
0x7E, 0xD6, 0x82, 0x6E, 0x97, 0xFE, 0xE8, 0xB5, 0xEA, 0x0D, 0x45, 0x2C, 0x04, 0xC0, 0xBB, 0x7B,
0x00, 0xFA, 0x1F, 0x01, 0x74, 0xE1, 0x0B, 0xD2, 0x7D, 0xBB, 0x89, 0xF7, 0x75, 0xAF, 0xF4, 0x68,
0xB8, 0xDC, 0xFB, 0x17, 0xF4, 0xB6, 0x22, 0x16, 0x02, 0xE0, 0x5D, 0x1E, 0x80, 0xB2, 0x11, 0xC0,
0x2C, 0x40, 0xFD, 0x47, 0x41, 0x8D, 0x02, 0x8C, 0x03, 0xF0, 0x2C, 0x80, 0x2E, 0x7C, 0x52, 0xBA,
0x6B, 0xB7, 0xF2, 0xFE, 0x85, 0x6C, 0x96, 0x0E, 0x25, 0x57, 0x7C, 0xFB, 0x82, 0xDE, 0x5B, 0x04,
0x43, 0x00, 0xBC, 0x7B, 0x04, 0x60, 0xC3, 0x08, 0x50, 0x73, 0x08, 0xB4, 0x7E, 0x04, 0xD0, 0x85,
0x1B, 0x92, 0xFD, 0xAB, 0xA1, 0xEB, 0xE6, 0x1F, 0x22, 0x00, 0xC9, 0x45, 0xDF, 0xBE, 0xA0, 0x37,
0x18, 0xD1, 0x10, 0x00, 0xEF, 0x9E, 0x01, 0x30, 0x0A, 0x50, 0x3F, 0x02, 0xD4, 0x1C, 0x02, 0x55,
0x8E, 0x00, 0xBA, 0xF0, 0x54, 0xB2, 0x73, 0xB5, 0xF5, 0xDE, 0x7B, 0xEF, 0x3D, 0xF7, 0x7F, 0xFF,
0x05, 0x18, 0xAE, 0xFB, 0xF6, 0x9F, 0xF5, 0x36, 0x23, 0x1C, 0x02, 0xE0, 0x9D, 0x15, 0x00, 0xA3,
0x00, 0xCD, 0x3E, 0x0A, 0x9A, 0x15, 0xE0, 0x11, 0x80, 0xA5, 0x02, 0xE8, 0xC2, 0x6F, 0xD2, 0xDD,
0xBA, 0xAD, 0x1F, 0xBC, 0x77, 0x17, 0x26, 0x00, 0xC3, 0xB5, 0xDF, 0xBF, 0xA0, 0x37, 0x1B, 0xE1,
0x10, 0x00, 0xEF, 0x86, 0x00, 0x18, 0x23, 0x40, 0xE9, 0x21, 0xD0, 0xBA, 0x11, 0xA0, 0xEE, 0x10,
0x48, 0xD6, 0x9D, 0xEE, 0xD5, 0xAD, 0xFD, 0xE0, 0xEA, 0x11, 0x80, 0x28, 0x05, 0x48, 0x6E, 0xC0,
0xED, 0x0B, 0x72, 0xC7, 0x11, 0x10, 0x01, 0xF0, 0xEE, 0x73, 0x2B, 0x00, 0xC6, 0x08, 0x60, 0x14,
0xE0, 0xD8, 0x11, 0xE0, 0xB1, 0xE0, 0x64, 0x9F, 0xDA, 0xC1, 0xF7, 0x6F, 0x9B, 0xFF, 0xA8, 0x00,
0x43, 0x00, 0x3C, 0x17, 0x20, 0xB9, 0x09, 0xB7, 0x2F, 0x8C, 0xDF, 0x27, 0x08, 0x89, 0x00, 0x78,
0xF7, 0xB9, 0x59, 0x80, 0x0E, 0x47, 0x80, 0x64, 0x83, 0xDA, 0xC7, 0xF7, 0x6F, 0xF2, 0x00, 0x84,
0x18, 0x01, 0x92, 0x1B, 0x71, 0xFF, 0x8A, 0xBE, 0x53, 0x10, 0x10, 0x01, 0xF0, 0x2E, 0x0D, 0x80,
0x51, 0x80, 0xD9, 0x11, 0xC0, 0x2C, 0xC0, 0x1E, 0x1F, 0x05, 0x4D, 0x76, 0xA7, 0x5D, 0x7C, 0xEF,
0x7B, 0xF7, 0xDD, 0xDF, 0x2E, 0x40, 0x84, 0x11, 0x20, 0xB9, 0x1B, 0xB7, 0x2F, 0xE8, 0x1B, 0x05,
0x11, 0x11, 0x00, 0xEF, 0x3E, 0xB7, 0x47, 0x00, 0xA3, 0x00, 0xCD, 0x9E, 0x03, 0xD7, 0x8F, 0x00,
0xC9, 0xEE, 0xD4, 0xD8, 0xF7, 0x1E, 0xAC, 0x00, 0x18, 0x05, 0xD0, 0x7D, 0xD3, 0x8B, 0xE4, 0x96,
0xDC, 0xBE, 0xA0, 0xEF, 0x13, 0x84, 0x44, 0x00, 0xBC, 0x1B, 0x05, 0xA0, 0xC9, 0x08, 0x50, 0x73,
0x08, 0x54, 0x30, 0x02, 0x24, 0x5B, 0x53, 0x5B, 0xDF, 0xBD, 0xCA, 0x03, 0x10, 0x71, 0x04, 0x48,
0x6E, 0xCB, 0xED, 0x0B, 0xFA, 0x36, 0x41, 0x4C, 0x04, 0xC0, 0xBB, 0xCF, 0x5F, 0x30, 0x02, 0x64,
0x05, 0x78, 0x04, 0x40, 0x0B, 0x90, 0xEC, 0x4B, 0x4D, 0x7D, 0xE7, 0xB6, 0xF9, 0xA7, 0x01, 0x28,
0x1D, 0x01, 0x5C, 0x16, 0x20, 0xB9, 0x35, 0xF7, 0xAF, 0xE8, 0xDB, 0x04, 0x31, 0x11, 0x00, 0xEF,
0xC6, 0x01, 0x30, 0x46, 0x80, 0x57, 0x3D, 0x07, 0x4E, 0x36, 0xA5, 0x86, 0xBE, 0x73, 0x97, 0x17,
0x60, 0x76, 0x04, 0xF0, 0x7D, 0x08, 0x94, 0xDC, 0x9F, 0xFB, 0x57, 0xF4, 0x5D, 0x82, 0xA0, 0x08,
0x80, 0x77, 0x5F, 0x54, 0x8C, 0x00, 0x46, 0x01, 0xF6, 0x19, 0x01, 0x92, 0x1D, 0xA9, 0x9D, 0x6F,
0x7F, 0xFB, 0xDB, 0x8F, 0xED, 0x3F, 0x0D, 0x80, 0x51, 0x80, 0x60, 0x23, 0x40, 0x72, 0x8F, 0xEE,
0x5F, 0xD1, 0x37, 0x09, 0xA2, 0x22, 0x00, 0xDE, 0x5D, 0x03, 0x60, 0x16, 0xA0, 0xD9, 0x08, 0x60,
0x14, 0x60, 0x66, 0x04, 0x48, 0xB6, 0xA3, 0x56, 0xBE, 0xFD, 0x30, 0x04, 0xC0, 0x18, 0x01, 0xCC,
0x02, 0x44, 0x18, 0x01, 0x92, 0x3B, 0x75, 0xFB, 0x82, 0xBE, 0x47, 0x10, 0x16, 0x01, 0xF0, 0xEE,
0x0B, 0x19, 0x01, 0x8C, 0x02, 0xCC, 0x8E, 0x00, 0x66, 0x01, 0x26, 0x3F, 0x0A, 0x6A, 0x14, 0x20,
0x7D, 0x0E, 0x9C, 0x6C, 0x45, 0x6D, 0x7C, 0xEB, 0xDD, 0x77, 0xDF, 0x7D, 0xF7, 0xB9, 0xFF, 0x17,
0x8F, 0x00, 0x46, 0x01, 0xFC, 0x8E, 0x00, 0xC9, 0xED, 0xBA, 0x7D, 0x41, 0xDF, 0x22, 0x88, 0x8B,
0x00, 0x78, 0xF7, 0x85, 0x16, 0x60, 0x08, 0x80, 0x51, 0x80, 0x66, 0xCF, 0x81, 0xF3, 0x11, 0x20,
0xD9, 0x87, 0x1A, 0xF8, 0xD6, 0xC3, 0xB8, 0x00, 0xF5, 0x23, 0x80, 0x51, 0x00, 0xDD, 0x41, 0xCF,
0x2D, 0xB9, 0x69, 0xB7, 0x2F, 0xE8, 0x3B, 0x04, 0x81, 0x11, 0x00, 0xEF, 0xB2, 0x00, 0x18, 0x23,
0xC0, 0xE6, 0x43, 0xA0, 0xA5, 0x11, 0x20, 0xD9, 0x84, 0xB6, 0x7A, 0xE7, 0xEA, 0xB9, 0xFF, 0x5F,
0x03, 0x50, 0x5A, 0x80, 0xD9, 0x11, 0xC0, 0x69, 0x01, 0x92, 0x5B, 0x77, 0xFF, 0x8A, 0xBE, 0x43,
0x10, 0x18, 0x01, 0xF0, 0xEE, 0x8B, 0xAC, 0x00, 0xB3, 0x23, 0x80, 0x51, 0x80, 0x75, 0x23, 0xC0,
0x50, 0x80, 0x64, 0x0B, 0x5A, 0xED, 0x47, 0x77, 0xB7, 0xED, 0x3F, 0x2B, 0xC0, 0x10, 0x80, 0xD2,
0x43, 0xA0, 0xD9, 0x11, 0xC0, 0x51, 0x01, 0x92, 0x7B, 0x78, 0xFF, 0x8A, 0xBE, 0x41, 0x10, 0x19,
0x01, 0xF0, 0x2E, 0x0F, 0xC0, 0xC1, 0x23, 0x40, 0xB2, 0x05, 0x55, 0xF8, 0xE0, 0x83, 0x0F, 0x7E,
0xFC, 0xF4, 0xD8, 0xFE, 0x93, 0x02, 0x0C, 0x01, 0xA8, 0x39, 0x04, 0x0A, 0x37, 0x02, 0x24, 0x77,
0xF4, 0xFE, 0x15, 0x7D, 0x7F, 0x20, 0x34, 0x02, 0xE0, 0xDD, 0x25, 0x00, 0x7B, 0x8D, 0x00, 0x66,
0x01, 0xF2, 0x11, 0xC0, 0xFE, 0x28, 0xE8, 0xC5, 0xF0, 0xFF, 0x0F, 0x7C, 0x75, 0xFF, 0x9F, 0x86,
0xF9, 0xF0, 0xC3, 0x0F, 0x3F, 0xB8, 0xB0, 0x0A, 0xC0, 0x08, 0x50, 0x85, 0xFD, 0x1F, 0xB3, 0x08,
0x80, 0x77, 0xCF, 0x00, 0x98, 0x05, 0x68, 0x36, 0x02, 0x18, 0x05, 0x18, 0x02, 0x90, 0x7D, 0x14,
0x74, 0xA2, 0x00, 0x43, 0x00, 0xAE, 0x05, 0x18, 0x02, 0x60, 0x14, 0x60, 0xDD, 0x08, 0x60, 0x16,
0xC0, 0xEF, 0x08, 0xC0, 0xFE, 0x8F, 0x79, 0x04, 0xC0, 0xBB, 0x6B, 0x00, 0x96, 0x0F, 0x81, 0x66,
0x47, 0x80, 0x92, 0x02, 0x0C, 0x01, 0x30, 0x0A, 0x90, 0x7E, 0x14, 0x74, 0xE3, 0x08, 0x60, 0x14,
0x60, 0xF2, 0x39, 0xF0, 0xEC, 0x08, 0x60, 0x14, 0xC0, 0xDB, 0x08, 0xC0, 0xFE, 0x8F, 0x05, 0x04,
0xC0, 0xBB, 0x5B, 0x00, 0x6A, 0x0E, 0x81, 0x9A, 0x7D, 0x14, 0x34, 0x2B, 0x40, 0xED, 0x21, 0xD0,
0xBA, 0x11, 0xC0, 0x2C, 0xC0, 0xEC, 0x08, 0x60, 0x14, 0x40, 0xB6, 0xD2, 0x53, 0x62, 0xFF, 0xC7,
0x12, 0x02, 0xE0, 0x9D, 0x19, 0x00, 0x63, 0x04, 0xD8, 0x7C, 0x08, 0x34, 0x3B, 0x02, 0x6C, 0x3E,
0x04, 0x5A, 0x37, 0x02, 0x18, 0x05, 0x98, 0x1D, 0x01, 0x5C, 0x15, 0x80, 0xFD, 0x1F, 0x8B, 0x08,
0x80, 0x77, 0xF7, 0x00, 0xD4, 0x8C, 0x00, 0x46, 0x01, 0x7A, 0x1C, 0x01, 0x78, 0x0E, 0x3C, 0x8B,
0xFD, 0x1F, 0xCB, 0x08, 0x80, 0x77, 0x76, 0x00, 0x9C, 0x8D, 0x00, 0x35, 0xCF, 0x81, 0x83, 0x8C,
0x00, 0xEC, 0xFF, 0x28, 0x40, 0x00, 0xBC, 0x7B, 0x04, 0x60, 0xE3, 0x08, 0x60, 0x16, 0xA0, 0xFE,
0xA3, 0xA0, 0x46, 0x01, 0xC6, 0x01, 0x28, 0x79, 0x0E, 0xDC, 0x6C, 0x04, 0x30, 0x0A, 0xE0, 0x65,
0x04, 0x60, 0xFF, 0x47, 0x09, 0x02, 0xE0, 0xDD, 0x28, 0x00, 0xA5, 0x05, 0x98, 0x0D, 0x40, 0xCD,
0x21, 0x50, 0xFD, 0x08, 0x50, 0x73, 0x08, 0xB4, 0x6E, 0x04, 0x28, 0x3D, 0x04, 0x92, 0x2D, 0xF5,
0x54, 0xD8, 0xFF, 0x51, 0x84, 0x00, 0x78, 0xF7, 0x0C, 0xC0, 0xF2, 0x21, 0x50, 0xFD, 0x08, 0x50,
0x73, 0x08, 0x54, 0x3F, 0x02, 0xD4, 0x1C, 0x02, 0x4D, 0x3E, 0x07, 0x0E, 0x39, 0x02, 0xB0, 0xFF,
0xA3, 0x0C, 0x01, 0xF0, 0x6E, 0x08, 0x40, 0xCD, 0x21, 0xD0, 0x49, 0x3E, 0x0A, 0x5A, 0x77, 0x08,
0x14, 0x66, 0x04, 0x60, 0xFF, 0x47, 0x21, 0x02, 0xE0, 0xDD, 0x97, 0x53, 0x01, 0x30, 0x46, 0x80,
0xD2, 0x43, 0xA0, 0x75, 0x23, 0x40, 0xE9, 0x21, 0xD0, 0xBA, 0x11, 0xA0, 0xE6, 0x10, 0x68, 0x76,
0x04, 0x38, 0x7F, 0x01, 0xD8, 0xFF, 0x51, 0x8A, 0x00, 0x78, 0x97, 0x04, 0xA0, 0x66, 0x04, 0x30,
0x0A, 0x70, 0xFE, 0x11, 0xC0, 0x28, 0xC0, 0xEC, 0x08, 0x70, 0xCE, 0x02, 0xB0, 0xFF, 0xA3, 0x18,
0x01, 0xF0, 0xEE, 0x4B, 0x19, 0x01, 0xCC, 0x02, 0x44, 0x1B, 0x01, 0xCC, 0x02, 0x38, 0x19, 0x01,
0xD8, 0xFF, 0x51, 0x8E, 0x00, 0x78, 0x97, 0x06, 0x60, 0xF9, 0x10, 0x68, 0x76, 0x04, 0x30, 0x0B,
0x30, 0xF9, 0x51, 0x50, 0xA3, 0x00, 0xF5, 0xCF, 0x81, 0xF9, 0x28, 0x68, 0x2D, 0xDD, 0xFE, 0xD9,
0xFF, 0x31, 0x83, 0x00, 0x78, 0xF7, 0x65, 0xD1, 0x08, 0x60, 0x14, 0xA0, 0xD9, 0x73, 0xE0, 0xFA,
0x11, 0xA0, 0xE6, 0x10, 0xA8, 0xE1, 0x08, 0x60, 0x14, 0x60, 0xBC, 0xB9, 0x9E, 0x00, 0xFB, 0x3F,
0x6A, 0x10, 0x00, 0xEF, 0xBE, 0xCC, 0x0A, 0xD0, 0x78, 0x04, 0xA8, 0x39, 0x04, 0x9A, 0x1C, 0x01,
0x9A, 0x1C, 0x02, 0x35, 0xFB, 0x28, 0xE8, 0x79, 0x0B, 0xC0, 0xFE, 0x8F, 0x2A, 0x04, 0xC0, 0xBB,
0x71, 0x00, 0x6A, 0x9E, 0x03, 0x37, 0x1B, 0x01, 0xB2, 0x02, 0x3C, 0x02, 0x50, 0x7A, 0x08, 0x34,
0x3B, 0x02, 0xD4, 0x1D, 0x02, 0xD5, 0x8E, 0x00, 0xE7, 0x2A, 0x00, 0xFB, 0x3F, 0xEA, 0x10, 0x00,
0xEF, 0x2E, 0x01, 0xA8, 0x19, 0x01, 0xA2, 0x3C, 0x07, 0xF6, 0x38, 0x02, 0xE8, 0xFE, 0xAF, 0xEF,
0x05, 0x40, 0x10, 0x00, 0xF7, 0xD6, 0x8F, 0x00, 0x46, 0x01, 0x26, 0x47, 0x00, 0xB3, 0x00, 0x3D,
0x8E, 0x00, 0x46, 0x01, 0xBC, 0x8C, 0x00, 0xFC, 0xEB, 0x3F, 0x6A, 0x11, 0x00, 0xFF, 0xF2, 0x11,
0xC0, 0x2C, 0x40, 0xB3, 0x11, 0xC0, 0x28, 0x40, 0x8F, 0x23, 0x80, 0x59, 0x80, 0x33, 0x8F, 0x00,
0xEC, 0xFF, 0xA8, 0x46, 0x00, 0x02, 0xC8, 0x0B, 0x30, 0x04, 0xC0, 0x28, 0xC0, 0xEC, 0x08, 0x60,
0x16, 0x60, 0x72, 0x04, 0x30, 0x0A, 0x30, 0xF9, 0x1C, 0x78, 0x1C, 0x80, 0x92, 0x8F, 0x82, 0x1A,
0x05, 0x58, 0x37, 0x02, 0x18, 0x05, 0x38, 0xDD, 0x08, 0xA0, 0xC7, 0x3F, 0xEC, 0xFF, 0x28, 0x40,
0x00, 0x42, 0x58, 0x7B, 0x08, 0xD4, 0xEC, 0x39, 0xF0, 0xE4, 0x08, 0x50, 0x5A, 0x80, 0x21, 0x00,
0xC6, 0x21, 0xD0, 0xE4, 0x08, 0x60, 0x16, 0x60, 0x76, 0x04, 0x30, 0x0A, 0x30, 0xDE, 0x68, 0x3B,
0xC5, 0xFE, 0x8F, 0x35, 0x08, 0x40, 0x0C, 0x55, 0x23, 0xC0, 0xE6, 0x43, 0xA0, 0x75, 0x23, 0x40,
0x93, 0x43, 0xA0, 0xC9, 0x8F, 0x82, 0x1A, 0x05, 0x98, 0x1D, 0x01, 0xCE, 0x55, 0x00, 0xB6, 0x7F,
0xAC, 0x42, 0x00, 0x82, 0x58, 0x39, 0x02, 0x18, 0x05, 0x58, 0x37, 0x02, 0x64, 0x05, 0x68, 0x3A,
0x02, 0x6C, 0x3E, 0x04, 0x9A, 0x1D, 0x01, 0xFA, 0x2F, 0x00, 0xFB, 0x3F, 0xD6, 0x21, 0x00, 0x51,
0xF4, 0x33, 0x02, 0xF4, 0xF3, 0x1C, 0xD8, 0xC9, 0x08, 0xA0, 0xDB, 0x3F, 0xFB, 0x3F, 0x4A, 0x11,
0x80, 0x30, 0xF6, 0x1F, 0x01, 0xCC, 0x02, 0x34, 0x1B, 0x01, 0xCC, 0x02, 0x30, 0x02, 0xB0, 0xFF,
0x63, 0x03, 0x02, 0x10, 0xC8, 0x28, 0x00, 0x66, 0x01, 0x6A, 0x47, 0x80, 0x9A, 0x43, 0xA0, 0x86,
0x23, 0x80, 0x51, 0x80, 0x75, 0x23, 0x40, 0x69, 0x01, 0x46, 0x1B, 0x6E, 0x67, 0x74, 0xFF, 0xD7,
0xDF, 0x3A, 0x30, 0x8D, 0x00, 0x44, 0x32, 0x31, 0x02, 0x18, 0x05, 0x98, 0x1D, 0x01, 0x36, 0x1F,
0x02, 0x4D, 0x3E, 0x07, 0x1E, 0x07, 0xA0, 0x64, 0x04, 0x30, 0x0A, 0x30, 0xF9, 0x1C, 0x78, 0x76,
0x04, 0x30, 0x0E, 0x81, 0xCE, 0x30, 0x02, 0xE8, 0xF6, 0xCF, 0xFE, 0x8F, 0x1A, 0x04, 0x20, 0x94,
0x89, 0x02, 0x0C, 0x01, 0x30, 0x0A, 0xD0, 0xEC, 0xA3, 0xA0, 0x59, 0x01, 0x6A, 0x0F, 0x81, 0xD6,
0x8D, 0x00, 0x66, 0x01, 0xBC, 0x8C, 0x00, 0xBA, 0xFF, 0xEB, 0x2F, 0x1C, 0x98, 0x45, 0x00, 0x62,
0xB1, 0x03, 0x60, 0x8C, 0x00, 0xA5, 0x87, 0x40, 0xEB, 0x46, 0x80, 0xCD, 0x87, 0x40, 0xB3, 0x23,
0x40, 0xCD, 0x21, 0xD0, 0xEC, 0x08, 0xD0, 0x7D, 0x01, 0xF8, 0xD7, 0x7F, 0x6C, 0x43, 0x00, 0x82,
0xB1, 0x0B, 0x30, 0x3B, 0x02, 0x18, 0x05, 0xE8, 0x71, 0x04, 0x08, 0xF8, 0x1C, 0x98, 0xFD, 0x1F,
0x1B, 0x11, 0x80, 0x68, 0xCC, 0x00, 0x04, 0x1E, 0x01, 0xCC, 0x02, 0x9C, 0x62, 0x04, 0x60, 0xFB,
0xC7, 0x66, 0x04, 0x20, 0x9E, 0xC2, 0x02, 0xCC, 0x8E, 0x00, 0x66, 0x01, 0xEA, 0x3F, 0x0A, 0x6A,
0x14, 0x60, 0x1C, 0x80, 0x92, 0xE7, 0xC0, 0xCD, 0x46, 0x00, 0xA3, 0x00, 0x1D, 0x8F, 0x00, 0xEC,
0xFF, 0xD8, 0x8E, 0x00, 0x04, 0xF4, 0x0C, 0x40, 0xE9, 0x21, 0xD0, 0x6C, 0x00, 0x6A, 0x0E, 0x81,
0xEA, 0x47, 0x80, 0x9A, 0x43, 0xA0, 0x86, 0x23, 0x80, 0x51, 0x80, 0xD1, 0xEE, 0xFB, 0x7A, 0xB2,
0xFF, 0xEB, 0xEF, 0x18, 0x28, 0x41, 0x00, 0x22, 0xDA, 0x6B, 0x04, 0xA8, 0x39, 0x04, 0xAA, 0x1F,
0x01, 0x6A, 0x0E, 0x81, 0xBC, 0x7F, 0x14, 0x94, 0x7F, 0xFD, 0x47, 0x13, 0x04, 0x20, 0x24, 0xA3,
0x00, 0x8B, 0x23, 0x80, 0xBB, 0xE7, 0xC0, 0x27, 0x1E, 0x01, 0x64, 0xFB, 0x67, 0xFF, 0xC7, 0x4A,
0x04, 0x20, 0xA6, 0x3C, 0x00, 0xC6, 0x08, 0x50, 0x7A, 0x08, 0xB4, 0x6E, 0x04, 0x28, 0x3D, 0x04,
0x5A, 0x37, 0x02, 0xD4, 0x1C, 0x02, 0xCD, 0x8E, 0x00, 0x3D, 0x16, 0x80, 0x7F, 0xFD, 0x47, 0x23,
0x04, 0x20, 0xAA, 0xAC, 0x00, 0xB3, 0x23, 0x80, 0x51, 0x80, 0xF3, 0x8F, 0x00, 0x46, 0x01, 0x66,
0x47, 0x80, 0x4E, 0x0A, 0xC0, 0xBF, 0xFE, 0xA3, 0x19, 0x02, 0x10, 0xD6, 0xCC, 0x73, 0xE0, 0x68,
0x23, 0x80, 0x59, 0x80, 0x5E, 0x47, 0x00, 0xFE, 0xF5, 0x1F, 0xED, 0x10, 0x80, 0xB8, 0x74, 0x04,
0x30, 0x0A, 0x30, 0x3B, 0x02, 0x98, 0x05, 0x98, 0xFC, 0x28, 0xA8, 0x51, 0x80, 0xFA, 0xE7, 0xC0,
0x7C, 0x14, 0xF4, 0xB6, 0xFF, 0x0F, 0xFF, 0x51, 0x7F, 0xA9, 0x40, 0x0D, 0x02, 0x10, 0x98, 0x16,
0x60, 0x08, 0x80, 0x51, 0x80, 0x66, 0xCF, 0x81, 0x27, 0x47, 0x80, 0xD2, 0x02, 0x0C, 0x01, 0x30,
0x0A, 0xD0, 0x70, 0x04, 0x30, 0x0A, 0x90, 0xEE, 0xC4, 0x2F, 0xC1, 0xBF, 0xFE, 0xA3, 0x29, 0x02,
0x10, 0xD9, 0x1E, 0x23, 0x40, 0xCD, 0x21, 0xD0, 0xE4, 0x08, 0xD0, 0xE4, 0x10, 0xA8, 0xD9, 0x47,
0x41, 0xFB, 0x29, 0x00, 0xDB, 0x3F, 0xDA, 0x22, 0x00, 0xB1, 0x55, 0x8C, 0x00, 0x46, 0x01, 0xD6,
0x8D, 0x00, 0x59, 0x01, 0x9A, 0x8E, 0x00, 0x9B, 0x0F, 0x81, 0x66, 0x47, 0x80, 0xD7, 0x16, 0x80,
0xD3, 0x1F, 0x34, 0x46, 0x00, 0x82, 0x5B, 0x1A, 0x01, 0xA2, 0x3C, 0x07, 0x3E, 0xC1, 0x08, 0xC0,
0xBF, 0xFE, 0xA3, 0x39, 0x02, 0x10, 0xDD, 0x3E, 0x23, 0x80, 0x59, 0x00, 0x46, 0x80, 0x2D, 0xF8,
0xD7, 0x7F, 0xB4, 0x47, 0x00, 0xC2, 0x9B, 0x28, 0x40, 0xB3, 0x11, 0xC0, 0x28, 0x40, 0xC3, 0x11,
0xC0, 0x28, 0xC0, 0xBA, 0x11, 0xC0, 0x2C, 0x40, 0x47, 0x23, 0x00, 0xDB, 0x3F, 0x76, 0x40, 0x00,
0xB0, 0x70, 0x08, 0x34, 0x3B, 0x02, 0x98, 0x05, 0x98, 0x1C, 0x01, 0x8C, 0x02, 0x4C, 0x3E, 0x07,
0x1E, 0x07, 0xA0, 0xE4, 0xA3, 0xA0, 0x46, 0x01, 0xD6, 0x8D, 0x00, 0x46, 0x01, 0x5E, 0x3E, 0x02,
0x70, 0xFA, 0x83, 0x3D, 0x10, 0x00, 0xBC, 0xBD, 0x99, 0x23, 0x80, 0x51, 0x80, 0xB3, 0x7F, 0x14,
0xD4, 0x2C, 0xC0, 0xEC, 0x08, 0x60, 0x14, 0x60, 0xB4, 0x2F, 0x1F, 0x84, 0xD3, 0x7F, 0xEC, 0x83,
0x00, 0xE0, 0xED, 0xED, 0x6D, 0x76, 0x04, 0xD8, 0x7C, 0x08, 0x34, 0x3B, 0x02, 0x6C, 0x3E, 0x04,
0x5A, 0x1C, 0x01, 0x4A, 0x0F, 0x81, 0x66, 0x47, 0x80, 0x57, 0x17, 0xE0, 0xF9, 0x7F, 0xE9, 0xAF,
0x0E, 0xD8, 0x80, 0x00, 0xE0, 0xC2, 0x0A, 0x80, 0x31, 0x02, 0x18, 0x05, 0x58, 0x37, 0x02, 0x64,
0x87, 0x40, 0x4D, 0x47, 0x80, 0xCD, 0x87, 0x40, 0xB3, 0x23, 0xC0, 0x4B, 0x0A, 0x70, 0xA7, 0xBF,
0x37, 0x60, 0x13, 0x02, 0x80, 0x2B, 0xAB, 0x00, 0x1E, 0x46, 0x80, 0x9A, 0xE7, 0xC0, 0x3D, 0x8F,
0x00, 0x57, 0xFA, 0x4B, 0x03, 0x36, 0x22, 0x00, 0xB8, 0x31, 0x02, 0x50, 0x36, 0x02, 0x98, 0x05,
0x98, 0x7C, 0x0E, 0x3C, 0x39, 0x02, 0x18, 0x05, 0x18, 0x07, 0xA0, 0xE4, 0x39, 0xB0, 0xEF, 0x11,
0x40, 0x7F, 0x65, 0xC0, 0x56, 0x04, 0x00, 0x77, 0x46, 0x01, 0x6A, 0x47, 0x80, 0x9A, 0x43, 0xA0,
0x86, 0x23, 0x80, 0x51, 0x80, 0x75, 0x23, 0x40, 0x69, 0x01, 0x74, 0x67, 0x3E, 0x84, 0xFE, 0xBE,
0x80, 0xED, 0x08, 0x00, 0x9E, 0xA6, 0x0B, 0x50, 0x3F, 0x02, 0xD4, 0x1C, 0x02, 0xD5, 0x8F, 0x00,
0x35, 0x87, 0x40, 0x93, 0xCF, 0x81, 0x67, 0x47, 0x00, 0xE3, 0x10, 0xE8, 0xA5, 0x23, 0x80, 0xFE,
0xAE, 0x80, 0x16, 0x08, 0x00, 0x06, 0x59, 0x00, 0x8C, 0x02, 0x34, 0xFB, 0x28, 0x68, 0x56, 0x80,
0x47, 0x00, 0x4A, 0x0A, 0xB0, 0x7E, 0x04, 0x30, 0x0B, 0xD0, 0xFB, 0x08, 0xA0, 0xBF, 0x28, 0xA0,
0x0D, 0x02, 0x80, 0x44, 0x56, 0x80, 0xDA, 0x43, 0xA0, 0x75, 0x23, 0xC0, 0xE6, 0x43, 0xA0, 0xD9,
0x11, 0xA0, 0xE6, 0x10, 0x68, 0x76, 0x04, 0x78, 0x55, 0x01, 0xF4, 0xB7, 0x04, 0xB4, 0x42, 0x00,
0x90, 0xD2, 0x00, 0x18, 0x23, 0x80, 0x51, 0x80, 0x1E, 0x47, 0x00, 0x37, 0xCF, 0x81, 0xF5, 0x57,
0x04, 0xB4, 0x43, 0x00, 0x30, 0xA2, 0x05, 0x88, 0x36, 0x02, 0x98, 0x05, 0x78, 0xE1, 0x08, 0xA0,
0xBF, 0x1F, 0xA0, 0x25, 0x02, 0x00, 0x31, 0x51, 0x80, 0xD9, 0x11, 0xC0, 0x2C, 0xC0, 0xD9, 0x3F,
0x0A, 0x6A, 0x14, 0xE0, 0xE8, 0x11, 0x40, 0x7F, 0x37, 0x40, 0x5B, 0x04, 0x00, 0x6A, 0xF1, 0x10,
0xA8, 0xD9, 0x73, 0xE0, 0xFA, 0x11, 0xA0, 0xE6, 0x10, 0xA8, 0xE1, 0x08, 0x60, 0x14, 0x40, 0xF7,
0xEA, 0x1D, 0xE8, 0x2F, 0x06, 0x68, 0x8D, 0x00, 0x20, 0xB3, 0x66, 0x04, 0x78, 0x7B, 0xCB, 0x03,
0x50, 0x73, 0x08, 0x54, 0x3F, 0x02, 0xD4, 0x1C, 0x02, 0x9D, 0xF1, 0xA3, 0xA0, 0xFA, 0x5B, 0x01,
0xDA, 0x23, 0x00, 0xC8, 0xAD, 0x1C, 0x01, 0xDE, 0x6E, 0x15, 0x98, 0x0A, 0x80, 0x31, 0x02, 0x64,
0x05, 0x78, 0x04, 0xA0, 0xA4, 0x00, 0x8B, 0x23, 0x40, 0xDD, 0x21, 0x50, 0xED, 0x08, 0xB0, 0x6F,
0x01, 0xF4, 0x57, 0x02, 0xEC, 0x81, 0x00, 0xC0, 0x60, 0x8E, 0x00, 0x25, 0xCF, 0x81, 0xAF, 0x3F,
0x3D, 0x55, 0x80, 0xD9, 0x11, 0xA0, 0xF4, 0x10, 0x68, 0xDD, 0x08, 0x50, 0x73, 0x08, 0x34, 0x3B,
0x02, 0x1C, 0x73, 0x08, 0xA4, 0xBF, 0x0F, 0x60, 0x1F, 0x04, 0x00, 0xA6, 0xF9, 0x11, 0xC0, 0x28,
0xC0, 0xF3, 0x19, 0xC0, 0xFD, 0x05, 0x8C, 0x00, 0x74, 0x3E, 0x02, 0x18, 0x05, 0x78, 0xC9, 0x08,
0x20, 0xBF, 0x09, 0x60, 0x3F, 0x04, 0x00, 0xB6, 0x95, 0x23, 0xC0, 0xED, 0x0C, 0xE8, 0xF1, 0x22,
0xCB, 0x05, 0xE8, 0x71, 0x04, 0x30, 0x0B, 0x70, 0xD4, 0x08, 0x30, 0xFE, 0x2D, 0x00, 0xBB, 0x22,
0x00, 0x98, 0x60, 0x14, 0x60, 0x76, 0x04, 0x90, 0x8F, 0x82, 0x0E, 0x2F, 0x54, 0x7A, 0x08, 0x54,
0xFF, 0x1C, 0xD8, 0xDF, 0x47, 0x41, 0xD3, 0x5F, 0x00, 0xB0, 0x3B, 0x02, 0x80, 0x29, 0x43, 0x00,
0x8C, 0x02, 0x4C, 0x3C, 0x07, 0x4E, 0x0A, 0x90, 0x36, 0xE0, 0x2D, 0x2F, 0x40, 0x1E, 0x80, 0x3D,
0x0E, 0x81, 0x1A, 0x8E, 0x00, 0x46, 0x01, 0x74, 0xFB, 0xDE, 0x28, 0xB9, 0x5F, 0xC0, 0x21, 0x08,
0x00, 0x26, 0xE5, 0x01, 0x28, 0x3F, 0x04, 0xBA, 0x1B, 0xBD, 0xDE, 0xEA, 0x11, 0xA0, 0xC9, 0x21,
0xD0, 0xE4, 0x47, 0x41, 0x8D, 0x02, 0xCC, 0x8E, 0x00, 0xFB, 0x14, 0x60, 0x74, 0xA7, 0x80, 0x63,
0x10, 0x00, 0xCC, 0xC8, 0x0A, 0x30, 0x04, 0xC0, 0x28, 0x40, 0x36, 0x02, 0x5C, 0xFC, 0xFA, 0xD7,
0xE3, 0x97, 0xCC, 0x02, 0x90, 0x15, 0xA0, 0xE9, 0x08, 0xB0, 0xF9, 0x10, 0x68, 0x76, 0x04, 0x68,
0x55, 0x80, 0xF1, 0x2D, 0x02, 0x8E, 0x42, 0x00, 0x30, 0x47, 0x03, 0x50, 0x3D, 0x02, 0xDC, 0x3E,
0x09, 0xA4, 0x2F, 0x3B, 0x31, 0x02, 0xF4, 0xF3, 0x1C, 0xF8, 0xD0, 0x11, 0x40, 0xEF, 0x0E, 0x70,
0x14, 0x02, 0x80, 0x59, 0x5A, 0x80, 0x35, 0x23, 0xC0, 0xF5, 0x93, 0x40, 0xFA, 0xC2, 0x6F, 0x6F,
0x8C, 0x00, 0x17, 0x7A, 0x57, 0x80, 0x03, 0x11, 0x00, 0xCC, 0x6B, 0x33, 0x02, 0xDC, 0x1E, 0x01,
0xEB, 0x6B, 0xDF, 0x2B, 0xD0, 0x70, 0x04, 0x30, 0x0A, 0xB0, 0x6E, 0x04, 0x30, 0x0B, 0xD0, 0x7C,
0x04, 0xD0, 0xBB, 0x01, 0x1C, 0x8B, 0x00, 0x60, 0x41, 0xCD, 0x08, 0xB0, 0x54, 0x00, 0xB3, 0x01,
0x6F, 0x6F, 0x6F, 0x12, 0x00, 0xA3, 0x00, 0xE3, 0x00, 0x94, 0x7C, 0x14, 0xD4, 0x28, 0xC0, 0xE4,
0x73, 0xE0, 0xD9, 0x11, 0xC0, 0x28, 0x40, 0x93, 0x11, 0x40, 0x6F, 0x02, 0x70, 0x38, 0x02, 0x80,
0x45, 0x53, 0x05, 0x28, 0xF9, 0x28, 0xA8, 0x06, 0x60, 0xB2, 0x01, 0xF7, 0x0A, 0xEC, 0x70, 0x08,
0x34, 0x39, 0x02, 0x98, 0x05, 0x98, 0x1D, 0x01, 0x8C, 0x02, 0xE8, 0xB6, 0x5E, 0x48, 0x2F, 0x1E,
0x78, 0x05, 0x02, 0x80, 0x65, 0xED, 0x0E, 0x81, 0x2E, 0x3E, 0xFA, 0xE8, 0x23, 0xFD, 0x0B, 0x46,
0xEC, 0x11, 0xA0, 0xF4, 0x10, 0x68, 0xDD, 0x08, 0x60, 0x14, 0x60, 0x76, 0x04, 0xD8, 0x52, 0x00,
0xBD, 0x5E, 0xE0, 0x65, 0x08, 0x00, 0x0A, 0x4C, 0x8C, 0x00, 0x46, 0x01, 0x4A, 0x46, 0x80, 0xDB,
0xC7, 0x40, 0xF5, 0xEF, 0xC8, 0x34, 0x1B, 0x01, 0xFA, 0x79, 0x0E, 0xAC, 0x97, 0x08, 0xBC, 0x16,
0x01, 0x40, 0x89, 0xD6, 0x23, 0x40, 0x61, 0x03, 0x6E, 0xCC, 0x02, 0xAC, 0x1B, 0x01, 0x6A, 0x9E,
0x03, 0xB7, 0x1D, 0x01, 0xF4, 0xA2, 0x80, 0x0E, 0x10, 0x00, 0x14, 0x29, 0x1E, 0x01, 0xCC, 0x02,
0xDC, 0x3F, 0x0A, 0x9A, 0x15, 0xE0, 0xA3, 0x5F, 0xEA, 0xDF, 0xB3, 0xC0, 0x2C, 0xC0, 0xE4, 0x73,
0xE0, 0x66, 0x23, 0x80, 0x51, 0x80, 0xF2, 0x11, 0x40, 0xAF, 0x01, 0xE8, 0x06, 0x01, 0xF0, 0xED,
0x0F, 0x7F, 0xD0, 0xAF, 0xAC, 0x65, 0x17, 0x60, 0x36, 0x00, 0x4B, 0x87, 0x40, 0xD7, 0x02, 0xD4,
0x26, 0xE0, 0x41, 0x0B, 0x30, 0x04, 0xC0, 0x28, 0xC0, 0xBA, 0x11, 0xA0, 0xF4, 0x10, 0x48, 0x77,
0xFC, 0x81, 0x2E, 0x1A, 0xE8, 0x0B, 0x01, 0xF0, 0xED, 0x0F, 0xED, 0x0A, 0xF0, 0x66, 0x05, 0x60,
0xBE, 0x00, 0x43, 0x00, 0xA6, 0x0E, 0x81, 0xEA, 0x67, 0x00, 0xD3, 0xD4, 0x08, 0x60, 0x14, 0x60,
0xF2, 0x39, 0x70, 0xD3, 0x11, 0x40, 0x17, 0x08, 0x74, 0x89, 0x00, 0xF8, 0xF6, 0x87, 0x0B, 0xFD,
0xE2, 0x5A, 0x56, 0x01, 0x56, 0x7E, 0x14, 0xB4, 0x71, 0x00, 0x52, 0xE6, 0x08, 0x50, 0x77, 0x08,
0xB4, 0x61, 0x04, 0xD0, 0xD5, 0x00, 0x3D, 0x23, 0x00, 0xBE, 0x5D, 0x03, 0xD0, 0xAE, 0x00, 0x8F,
0x00, 0x94, 0x1E, 0x02, 0x95, 0x8C, 0x00, 0xFA, 0x97, 0x34, 0x96, 0x05, 0xA0, 0xE6, 0x10, 0x68,
0x76, 0x04, 0x48, 0x0B, 0xA0, 0x7F, 0x2B, 0x70, 0x0A, 0x04, 0xC0, 0xB7, 0x5B, 0x00, 0xDA, 0x17,
0x60, 0x08, 0x80, 0x51, 0x80, 0xBA, 0x11, 0x40, 0xFF, 0x8E, 0xBD, 0x95, 0x8C, 0x00, 0x46, 0x01,
0xCC, 0x11, 0x40, 0x5F, 0x1B, 0x38, 0x17, 0x02, 0xE0, 0xDB, 0x3D, 0x00, 0xCD, 0x12, 0xB0, 0xC3,
0x08, 0xA0, 0x7F, 0xC5, 0x8B, 0xD8, 0x23, 0x40, 0x52, 0x00, 0xFD, 0x01, 0xE0, 0xFC, 0x08, 0x80,
0x6F, 0xCF, 0x00, 0xB4, 0x2A, 0xC0, 0x23, 0x01, 0xB3, 0x23, 0x80, 0x59, 0x80, 0xA9, 0x8F, 0x82,
0xEA, 0x5F, 0x00, 0xE0, 0x28, 0x04, 0xC0, 0xB7, 0x21, 0x00, 0xFB, 0x15, 0x60, 0xE3, 0x73, 0x60,
0x7D, 0x7D, 0x00, 0x47, 0x21, 0x00, 0xBE, 0x25, 0x01, 0x68, 0x5C, 0x80, 0xFA, 0x11, 0x60, 0xE2,
0x10, 0x48, 0x5F, 0x1E, 0xC0, 0x51, 0x08, 0x80, 0x6F, 0x69, 0x00, 0x9A, 0x25, 0x40, 0x0B, 0xB0,
0x6D, 0x04, 0xD0, 0x57, 0x07, 0x70, 0x14, 0x02, 0xE0, 0xDB, 0x38, 0x00, 0x7F, 0xD4, 0x3F, 0x5E,
0xC9, 0x2A, 0xC0, 0x38, 0x00, 0x15, 0x23, 0x80, 0xBE, 0x38, 0x80, 0xA3, 0x10, 0x00, 0xDF, 0xC6,
0x01, 0x68, 0x56, 0x80, 0x6B, 0x02, 0x86, 0x00, 0x18, 0x05, 0x28, 0x1F, 0x01, 0xF4, 0xA5, 0x01,
0x1C, 0x85, 0x00, 0xF8, 0x26, 0x01, 0xD8, 0xAB, 0x00, 0x79, 0x00, 0x4A, 0x46, 0x80, 0x5B, 0x01,
0xF4, 0x95, 0x01, 0x1C, 0x85, 0x00, 0xF8, 0x96, 0x05, 0xE0, 0x8F, 0xAD, 0x12, 0xB0, 0x34, 0x02,
0x98, 0x05, 0xB0, 0x3E, 0x0A, 0xAA, 0x2F, 0x0C, 0xE0, 0x28, 0x04, 0xC0, 0x37, 0x0D, 0xC0, 0x5E,
0x05, 0xD8, 0xF0, 0x1C, 0x58, 0x5F, 0x17, 0xC0, 0x51, 0x08, 0x80, 0x6F, 0x5F, 0x19, 0x01, 0xD8,
0xAD, 0x00, 0xE3, 0x00, 0x98, 0x23, 0x80, 0xF1, 0x1C, 0x58, 0x5F, 0x16, 0xC0, 0x51, 0x08, 0x80,
0x6F, 0x59, 0x00, 0x5A, 0x16, 0xE0, 0x6D, 0xFE, 0x10, 0xA8, 0x70, 0x04, 0xD0, 0x17, 0x05, 0x70,
0x14, 0x02, 0xE0, 0xDB, 0x57, 0x59, 0x01, 0x2E, 0x01, 0xF8, 0xE3, 0xFF, 0xEA, 0xF7, 0xAD, 0xD4,
0x62, 0x04, 0xD0, 0xD7, 0x04, 0x70, 0x14, 0x02, 0xE0, 0x5B, 0x1E, 0x80, 0x6B, 0x01, 0xFE, 0xB7,
0x55, 0x01, 0xD6, 0x8D, 0x00, 0xA3, 0x02, 0xE8, 0x4B, 0x02, 0x38, 0x0A, 0x01, 0xF0, 0xED, 0xAB,
0xE3, 0x0A, 0x90, 0x07, 0x60, 0xBA, 0x00, 0x43, 0x00, 0x7E, 0x45, 0x00, 0x80, 0x97, 0x21, 0x00,
0xBE, 0x4D, 0x07, 0xE0, 0xE0, 0x02, 0x0C, 0x01, 0xD0, 0x43, 0x20, 0x7D, 0x41, 0x00, 0x47, 0x21,
0x00, 0xBE, 0x7D, 0x35, 0x53, 0x80, 0x46, 0x09, 0x18, 0x05, 0xA0, 0xF4, 0x10, 0x28, 0x19, 0x01,
0xF4, 0xF5, 0x00, 0x1C, 0x85, 0x00, 0xF8, 0x76, 0x09, 0x40, 0x56, 0x80, 0x47, 0x00, 0x1A, 0x15,
0xE0, 0x99, 0x80, 0x3C, 0x00, 0x25, 0x23, 0x80, 0xBE, 0x1A, 0x80, 0xA3, 0x10, 0x00, 0xDF, 0xCC,
0x00, 0x1C, 0x58, 0x80, 0x82, 0x11, 0x40, 0x5F, 0x0C, 0xC0, 0x51, 0x08, 0x80, 0x6F, 0xD7, 0x00,
0x64, 0x05, 0xB8, 0x7D, 0x14, 0xB4, 0x7D, 0x01, 0xF2, 0x00, 0x14, 0x8C, 0x00, 0xFA, 0x5A, 0x00,
0x8E, 0x42, 0x00, 0x7C, 0xB3, 0x03, 0x30, 0x8C, 0x00, 0xAD, 0x12, 0x50, 0x57, 0x80, 0xD1, 0x47,
0x41, 0xF5, 0xA5, 0x00, 0x1C, 0x85, 0x00, 0xF8, 0x76, 0x0B, 0xC0, 0x61, 0x05, 0x98, 0x0D, 0xC0,
0xC4, 0x21, 0x90, 0xBE, 0x12, 0x80, 0xA3, 0x10, 0x00, 0xDF, 0x0A, 0x02, 0xD0, 0xA8, 0x00, 0xB7,
0x04, 0xCC, 0x16, 0x60, 0x08, 0x40, 0x5A, 0x00, 0x7D, 0x1D, 0x00, 0x47, 0x21, 0x00, 0xBE, 0xDD,
0x03, 0x70, 0x58, 0x01, 0x56, 0x7C, 0x14, 0x54, 0x5F, 0x06, 0xC0, 0x51, 0x08, 0x80, 0x6F, 0x8F,
0x00, 0x64, 0x05, 0x18, 0x9E, 0x03, 0xB7, 0x4B, 0xC0, 0xBA, 0x11, 0x40, 0x5F, 0x05, 0xC0, 0x51,
0x08, 0x80, 0x6F, 0x5F, 0x4F, 0x05, 0x60, 0x34, 0x02, 0xEC, 0x5B, 0x80, 0x85, 0x11, 0x40, 0x5F,
0x04, 0xC0, 0x51, 0x08, 0x80, 0x6F, 0xCF, 0x00, 0x64, 0x05, 0x18, 0x8F, 0x00, 0xED, 0x0A, 0x90,
0x07, 0x60, 0x61, 0x04, 0xD0, 0xD7, 0x00, 0x70, 0x14, 0x02, 0xE0, 0xDB, 0xD7, 0xA5, 0x23, 0x40,
0xA3, 0x02, 0xBC, 0x15, 0x17, 0xE0, 0xF9, 0x51, 0x50, 0x7D, 0x05, 0x00, 0x47, 0x21, 0x00, 0xBE,
0x7D, 0x5D, 0x5C, 0x80, 0x3F, 0xFD, 0x49, 0x7F, 0x76, 0x9D, 0xEA, 0xE7, 0xC0, 0xFA, 0x02, 0x00,
0x8E, 0x42, 0x00, 0x7C, 0x4B, 0x02, 0x90, 0x15, 0x40, 0x46, 0x80, 0xA6, 0x05, 0x18, 0x07, 0xC0,
0x1C, 0x01, 0x1E, 0x05, 0xD0, 0x9F, 0x07, 0x70, 0x14, 0x02, 0xE0, 0xDB, 0xD7, 0x35, 0x23, 0xC0,
0x7E, 0x05, 0x98, 0x1B, 0x01, 0xF4, 0xC7, 0x01, 0x1C, 0x85, 0x00, 0xF8, 0x96, 0x06, 0x20, 0x2B,
0x80, 0x3C, 0x07, 0x6E, 0x56, 0x80, 0x3C, 0x00, 0x73, 0x23, 0x80, 0xFE, 0x34, 0x80, 0xA3, 0x10,
0x00, 0xDF, 0x2E, 0x01, 0x28, 0x1D, 0x01, 0xDA, 0x15, 0xE0, 0x92, 0x80, 0xA9, 0x00, 0x64, 0xCF,
0x81, 0xF5, 0x67, 0x01, 0x1C, 0x85, 0x00, 0xF8, 0x36, 0x0A, 0xC0, 0x52, 0x01, 0xFE, 0x74, 0xA1,
0xAF, 0xB0, 0x8E, 0x06, 0x60, 0x66, 0x04, 0xD0, 0x1F, 0x05, 0x70, 0x14, 0x02, 0xE0, 0xDB, 0x35,
0x00, 0x35, 0x23, 0xC0, 0xA1, 0x05, 0xB8, 0x8E, 0x00, 0xFA, 0x93, 0x00, 0x8E, 0x42, 0x00, 0x7C,
0xBB, 0x05, 0xA0, 0xB4, 0x00, 0xD7, 0x00, 0xEC, 0x54, 0x80, 0x21, 0x00, 0x52, 0x00, 0xFD, 0x41,
0x00, 0x47, 0x21, 0x00, 0xBE, 0x49, 0x00, 0xB2, 0x02, 0x58, 0x23, 0x40, 0xAB, 0x02, 0x8C, 0x03,
0x60, 0x8E, 0x00, 0x97, 0x02, 0xE8, 0xCF, 0x01, 0x38, 0x0A, 0x01, 0xF0, 0xED, 0x1E, 0x80, 0xBA,
0x11, 0xA0, 0x51, 0x02, 0x0A, 0x47, 0x00, 0xFD, 0x31, 0x00, 0x47, 0x21, 0x00, 0xBE, 0x69, 0x00,
0xB2, 0x02, 0xE4, 0x1F, 0x05, 0x6D, 0x57, 0x80, 0xB7, 0xA9, 0x02, 0x8C, 0x46, 0x00, 0xFD, 0x21,
0x00, 0x47, 0x21, 0x00, 0xBE, 0x3D, 0x02, 0x50, 0x3A, 0x02, 0xEC, 0x59, 0x80, 0x89, 0x11, 0x40,
0x7F, 0x06, 0xC0, 0x51, 0x08, 0x80, 0x6F, 0xCF, 0x00, 0x94, 0x16, 0xE0, 0x11, 0x80, 0xE3, 0x0A,
0xA0, 0x3F, 0x02, 0xE0, 0x28, 0x04, 0xC0, 0xB7, 0xEA, 0x00, 0x3C, 0x0B, 0xF0, 0xE5, 0x97, 0xFA,
0x5A, 0xAB, 0x4C, 0x14, 0x60, 0x08, 0xC0, 0x6F, 0xF4, 0x27, 0x00, 0x1C, 0x85, 0x00, 0xF8, 0x36,
0x04, 0xA0, 0xB4, 0x00, 0xCF, 0x11, 0x60, 0x87, 0x02, 0x98, 0x23, 0x80, 0xFE, 0x00, 0x80, 0xA3,
0x10, 0x00, 0xDF, 0xBE, 0xC9, 0x03, 0x90, 0x15, 0x60, 0x72, 0x04, 0x68, 0x53, 0x80, 0x34, 0x01,
0x04, 0x00, 0xE8, 0x09, 0x01, 0xF0, 0x2D, 0x09, 0xC0, 0x8A, 0x11, 0xA0, 0x79, 0x01, 0xAC, 0x11,
0x40, 0xBF, 0x1B, 0xC0, 0x51, 0x08, 0x80, 0x6F, 0xDF, 0x94, 0x8E, 0x00, 0x46, 0x01, 0xBE, 0xBC,
0xD0, 0x17, 0x5C, 0xC5, 0x2A, 0x00, 0x01, 0x00, 0x5E, 0x8E, 0x00, 0xF8, 0xF6, 0x8D, 0x55, 0x00,
0x0D, 0xC0, 0xCC, 0x21, 0xD0, 0x01, 0x05, 0xD0, 0xEF, 0x05, 0x70, 0x14, 0x02, 0xE0, 0xDB, 0x28,
0x00, 0xA5, 0x05, 0x48, 0x0F, 0x81, 0x5A, 0x17, 0x60, 0x08, 0xC0, 0xA3, 0x00, 0xFA, 0xAD, 0x00,
0x8E, 0x42, 0x00, 0x7C, 0xFB, 0x66, 0xFB, 0x08, 0xD0, 0xA6, 0x00, 0xCF, 0x04, 0x10, 0x00, 0xA0,
0x1B, 0x04, 0xC0, 0xB7, 0x71, 0x00, 0x4A, 0x0B, 0x30, 0x1E, 0x01, 0x1A, 0x25, 0x20, 0x0B, 0xC0,
0xBD, 0x00, 0xFA, 0x7D, 0x00, 0x8E, 0x42, 0x00, 0x7C, 0xBB, 0x04, 0xC0, 0x18, 0x01, 0xB2, 0x02,
0xCC, 0x3D, 0x07, 0xDE, 0xAD, 0x00, 0x04, 0x00, 0x78, 0x2D, 0x02, 0xE0, 0x9B, 0x04, 0xA0, 0x74,
0x04, 0xD8, 0xB3, 0x00, 0x3A, 0x02, 0xE8, 0x77, 0x01, 0x38, 0x0A, 0x01, 0xF0, 0xED, 0x1A, 0x80,
0x06, 0x23, 0xC0, 0x3E, 0x05, 0x20, 0x00, 0xC0, 0x4B, 0x11, 0x00, 0xDF, 0x6E, 0x01, 0x30, 0x0A,
0xA0, 0x01, 0x58, 0x1A, 0x01, 0x5A, 0x26, 0x60, 0x5C, 0x00, 0xFD, 0x16, 0x00, 0x47, 0x21, 0x00,
0xBE, 0x65, 0x01, 0x28, 0x2D, 0xC0, 0x23, 0x00, 0x7B, 0x14, 0x60, 0x08, 0xC0, 0xA5, 0x00, 0xFA,
0x1D, 0x00, 0x8E, 0x42, 0x00, 0x7C, 0xBB, 0x07, 0xC0, 0x18, 0x01, 0xB2, 0x02, 0x2C, 0x8E, 0x00,
0x7B, 0x14, 0x80, 0x00, 0x00, 0x2F, 0x44, 0x00, 0x7C, 0xCB, 0x03, 0xB0, 0x61, 0x04, 0xF8, 0x42,
0x5F, 0x7D, 0x15, 0x1D, 0x01, 0xF4, 0xCF, 0x01, 0x1C, 0x85, 0x00, 0xF8, 0xF6, 0x08, 0x40, 0xE9,
0x08, 0x60, 0x14, 0x20, 0x19, 0x01, 0xBE, 0x68, 0x92, 0x00, 0x19, 0x01, 0xF4, 0x8F, 0x01, 0x1C,
0x85, 0x00, 0x38, 0x97, 0x07, 0xA0, 0x74, 0x04, 0x30, 0x0A, 0xF0, 0x45, 0xAB, 0x02, 0xA4, 0x23,
0x80, 0xFE, 0x29, 0x80, 0xA3, 0x10, 0x00, 0xE7, 0x6A, 0x46, 0x80, 0x82, 0x43, 0xA0, 0x36, 0x05,
0x78, 0x4B, 0x47, 0x00, 0xFD, 0x33, 0x00, 0x47, 0x21, 0x00, 0xDE, 0xCD, 0x14, 0x40, 0xF7, 0xFF,
0xE5, 0x11, 0x60, 0x8F, 0x02, 0xE8, 0x1F, 0x01, 0x38, 0x0A, 0x01, 0x70, 0x2F, 0x0F, 0x40, 0x69,
0x01, 0xEC, 0x11, 0xA0, 0x4D, 0x02, 0x08, 0x00, 0xF0, 0x7A, 0x04, 0xC0, 0xBF, 0xBC, 0x00, 0x93,
0x87, 0x40, 0x45, 0x23, 0x40, 0xE3, 0x02, 0xE8, 0x1F, 0x00, 0x38, 0x0A, 0x01, 0x08, 0x20, 0x0B,
0xC0, 0xD6, 0x11, 0xA0, 0x69, 0x01, 0xF4, 0xEB, 0x00, 0x8E, 0x42, 0x00, 0x22, 0xC8, 0x0A, 0x30,
0x3B, 0x02, 0x18, 0x05, 0xD0, 0x11, 0xA0, 0x49, 0x01, 0xEE, 0x09, 0xD0, 0xAF, 0x02, 0x38, 0x0A,
0x01, 0x08, 0x61, 0xB2, 0x00, 0x1A, 0x80, 0xE5, 0x43, 0xA0, 0x5B, 0x00, 0x1A, 0x16, 0x40, 0xBF,
0x08, 0xE0, 0x28, 0x04, 0x20, 0x06, 0x0D, 0x40, 0x69, 0x01, 0x26, 0x0F, 0x81, 0xDA, 0x24, 0x80,
0x00, 0x00, 0xAF, 0x44, 0x00, 0x82, 0xD0, 0x02, 0x14, 0x06, 0xC0, 0x18, 0x01, 0x1A, 0x17, 0x40,
0xBF, 0x02, 0xE0, 0x30, 0x04, 0x20, 0x8A, 0xF6, 0x23, 0x40, 0x93, 0x02, 0x00, 0x78, 0x1D, 0x02,
0x10, 0xC6, 0xC4, 0x08, 0x90, 0x15, 0xA0, 0x7C, 0x04, 0xA0, 0x00, 0xC0, 0xB9, 0x11, 0x80, 0x38,
0xD6, 0x8D, 0x00, 0x46, 0x01, 0x9E, 0x01, 0x20, 0x01, 0xC0, 0xA9, 0x11, 0x80, 0x40, 0x2A, 0x46,
0x00, 0xE3, 0x10, 0xC8, 0x1A, 0x01, 0xBE, 0xF8, 0x5C, 0xFF, 0x0E, 0x00, 0xE7, 0x41, 0x00, 0x22,
0xB1, 0x0B, 0xA0, 0x01, 0xA8, 0x1A, 0x01, 0x28, 0x00, 0x70, 0x5E, 0x04, 0x20, 0x94, 0x55, 0x87,
0x40, 0x8F, 0x00, 0x98, 0x05, 0xF8, 0x9C, 0x02, 0x00, 0xA7, 0x45, 0x00, 0x62, 0x69, 0x34, 0x02,
0x8C, 0x0A, 0x40, 0x02, 0x80, 0x93, 0x22, 0x00, 0xC1, 0x34, 0x1F, 0x01, 0x28, 0x00, 0x70, 0x5A,
0x04, 0x20, 0x1A, 0x6B, 0x04, 0xC8, 0x0A, 0x50, 0xF5, 0x1C, 0x98, 0x02, 0x00, 0x27, 0x45, 0x00,
0xC2, 0x59, 0x31, 0x02, 0x18, 0x05, 0x18, 0x8F, 0x00, 0x14, 0x00, 0x38, 0x23, 0x02, 0x10, 0x4F,
0xC9, 0x08, 0x30, 0x71, 0x08, 0x34, 0x39, 0x02, 0x7C, 0xFE, 0x99, 0xFE, 0x2D, 0x00, 0xBA, 0x47,
0x00, 0x02, 0x32, 0x0A, 0xA0, 0xFB, 0x7F, 0xF5, 0x08, 0xF0, 0x19, 0x05, 0x00, 0x4E, 0x87, 0x00,
0x44, 0x34, 0x04, 0xA0, 0xB4, 0x00, 0x8F, 0x00, 0x50, 0x00, 0xC0, 0x11, 0x02, 0x10, 0x52, 0x1E,
0x80, 0xAC, 0x00, 0x8B, 0x23, 0x80, 0x1C, 0x02, 0x7D, 0x46, 0x01, 0x80, 0xB3, 0x21, 0x00, 0x31,
0xE5, 0x05, 0xD0, 0x00, 0xAC, 0x18, 0x01, 0x48, 0x00, 0x70, 0x2E, 0x04, 0x20, 0xA8, 0x2C, 0x00,
0x59, 0x01, 0x6A, 0x3F, 0x0A, 0x7A, 0x09, 0x00, 0x05, 0x00, 0xCE, 0x84, 0x00, 0x44, 0x95, 0x15,
0x40, 0x03, 0xB0, 0x7C, 0x08, 0x64, 0x8C, 0x00, 0x14, 0x00, 0x38, 0x11, 0x02, 0x10, 0x96, 0x06,
0x60, 0xA9, 0x00, 0xB3, 0x87, 0x40, 0xB7, 0x8F, 0x82, 0x52, 0x00, 0xE0, 0x54, 0x08, 0x40, 0x5C,
0x5A, 0x00, 0xDD, 0xFF, 0x97, 0x47, 0x00, 0xEB, 0x10, 0x88, 0x04, 0x00, 0xA7, 0x41, 0x00, 0x02,
0xAB, 0x2C, 0xC0, 0xEC, 0x08, 0x40, 0x01, 0x80, 0xF3, 0x21, 0x00, 0x91, 0x2D, 0x1D, 0x02, 0xAD,
0x1C, 0x01, 0x28, 0x00, 0x70, 0x0E, 0x04, 0x20, 0xB4, 0x9D, 0x46, 0x00, 0x0A, 0x00, 0x9C, 0x02,
0x01, 0x88, 0xAD, 0x60, 0x04, 0x30, 0x0A, 0xB0, 0x38, 0x02, 0x90, 0x00, 0xE0, 0x0C, 0x08, 0x40,
0x70, 0x55, 0x23, 0x80, 0x51, 0x80, 0x89, 0x11, 0x80, 0x02, 0x00, 0x27, 0x40, 0x00, 0xA2, 0xAB,
0x2A, 0xC0, 0xEC, 0x21, 0xD0, 0xF0, 0x51, 0x50, 0x0A, 0x00, 0x9C, 0x02, 0x01, 0x08, 0xAF, 0x26,
0x00, 0xC6, 0x08, 0x30, 0x79, 0x08, 0x44, 0x01, 0x80, 0xDE, 0x11, 0x00, 0xD4, 0x14, 0x60, 0x76,
0x04, 0x90, 0x02, 0x7C, 0xFA, 0xA9, 0xFE, 0x4D, 0x00, 0xBA, 0x42, 0x00, 0x70, 0x2D, 0xC0, 0x23,
0x00, 0x59, 0x01, 0xD6, 0x3F, 0x07, 0xA6, 0x00, 0x40, 0xE7, 0x08, 0x00, 0xC6, 0x05, 0xD0, 0x00,
0x2C, 0x1F, 0x02, 0xCD, 0x8C, 0x00, 0x14, 0x00, 0xE8, 0x19, 0x01, 0xC0, 0xAD, 0x00, 0xCD, 0x46,
0x00, 0x0A, 0x00, 0x9C, 0x05, 0x01, 0xC0, 0xC5, 0x3E, 0x23, 0x00, 0x05, 0x00, 0xBA, 0x46, 0x00,
0x70, 0x55, 0x5E, 0x80, 0x47, 0x00, 0xCC, 0x02, 0xE4, 0x23, 0x00, 0x09, 0x00, 0xBA, 0x45, 0x00,
0x70, 0xB3, 0x70, 0x08, 0x34, 0x3B, 0x02, 0xCC, 0x3D, 0x07, 0xA6, 0x00, 0x40, 0xB7, 0x08, 0x00,
0xEE, 0xDA, 0x8C, 0x00, 0xF9, 0x73, 0x60, 0x0A, 0x00, 0xF4, 0x8A, 0x00, 0xE0, 0x61, 0x7E, 0x04,
0x30, 0x0A, 0x50, 0x3C, 0x02, 0x50, 0x00, 0xA0, 0x4B, 0x04, 0x00, 0x4F, 0xA5, 0x23, 0x80, 0x51,
0x80, 0x85, 0x11, 0x80, 0x04, 0x00, 0x3D, 0x22, 0x00, 0x18, 0x4C, 0x8E, 0x00, 0x13, 0x87, 0x40,
0x93, 0x23, 0x00, 0x05, 0x00, 0xCE, 0x80, 0x00, 0x20, 0x55, 0x16, 0x80, 0xE5, 0x02, 0x0C, 0x01,
0xA0, 0x00, 0x40, 0xB7, 0x08, 0x00, 0x46, 0xCA, 0x0A, 0xF0, 0x08, 0x40, 0xCD, 0x21, 0x10, 0x05,
0x00, 0x7A, 0x43, 0x00, 0x30, 0x36, 0x51, 0x80, 0x06, 0x23, 0x00, 0x09, 0x00, 0x3A, 0x43, 0x00,
0x20, 0xEC, 0x00, 0xB4, 0x18, 0x01, 0x28, 0x00, 0xD0, 0x17, 0x02, 0x00, 0x65, 0x17, 0x60, 0xF3,
0x47, 0x41, 0x2F, 0x3E, 0xD1, 0xBF, 0x0B, 0xC0, 0x0B, 0x11, 0x00, 0x64, 0xCC, 0x00, 0x2C, 0x1F,
0x02, 0x95, 0x8C, 0x00, 0x14, 0x00, 0xE8, 0x08, 0x01, 0x40, 0xAE, 0xA4, 0x00, 0xB3, 0x87, 0x40,
0x13, 0x1F, 0x05, 0xFD, 0xF4, 0xD3, 0x4F, 0x3E, 0x21, 0x01, 0x40, 0x37, 0x08, 0x00, 0x0C, 0x05,
0x01, 0x30, 0x46, 0x80, 0xA2, 0x43, 0x20, 0x0A, 0x00, 0x74, 0x83, 0x00, 0xC0, 0xB4, 0x5C, 0x80,
0xD9, 0x11, 0x60, 0xE6, 0x10, 0x88, 0x02, 0x00, 0xBD, 0x20, 0x00, 0xB0, 0x19, 0x05, 0x68, 0x35,
0x02, 0x50, 0x00, 0xA0, 0x0F, 0x04, 0x00, 0x13, 0xF2, 0x00, 0x34, 0x1B, 0x01, 0x48, 0x00, 0xD0,
0x05, 0x02, 0x80, 0x29, 0x79, 0x01, 0xDA, 0x7C, 0x14, 0x94, 0x02, 0x00, 0x9D, 0x20, 0x00, 0x98,
0x94, 0x05, 0x60, 0xF9, 0x10, 0xA8, 0x78, 0x04, 0xA0, 0x00, 0xC0, 0xEB, 0x11, 0x00, 0x4C, 0x5B,
0x2A, 0xC0, 0xEC, 0x21, 0xD0, 0xE4, 0x47, 0x41, 0x29, 0x00, 0xD0, 0x09, 0x02, 0x80, 0x39, 0xF3,
0x01, 0x30, 0x46, 0x80, 0xF2, 0x43, 0x20, 0x12, 0x00, 0xBC, 0x1A, 0x01, 0xC0, 0xAC, 0xF9, 0x02,
0xCC, 0x8E, 0x00, 0x4B, 0x87, 0x40, 0x14, 0x00, 0x78, 0x31, 0x02, 0x80, 0x79, 0x46, 0x00, 0x8C,
0x02, 0xAC, 0x1B, 0x01, 0x28, 0x00, 0xF0, 0x52, 0x04, 0x00, 0x0B, 0x8C, 0x02, 0x0C, 0x01, 0x30,
0x0A, 0x50, 0x33, 0x02, 0x7C, 0xAC, 0x7F, 0x19, 0x80, 0x03, 0x11, 0x00, 0x2C, 0xC9, 0x03, 0x50,
0x33, 0x02, 0x98, 0x05, 0x78, 0x8E, 0x00, 0x1F, 0x93, 0x00, 0xE0, 0x75, 0x08, 0x00, 0x96, 0x65,
0x05, 0x58, 0x37, 0x02, 0x18, 0x05, 0xF8, 0x98, 0x02, 0x00, 0xAF, 0x43, 0x00, 0x5C, 0xFB, 0xF3,
0x9F, 0xFF, 0xAC, 0x5F, 0x5A, 0x65, 0xA6, 0x00, 0x8F, 0x00, 0x98, 0x05, 0x98, 0x1C, 0x01, 0x28,
0x00, 0xD0, 0x01, 0x02, 0xE0, 0xDA, 0x9F, 0xF7, 0x28, 0xC0, 0xE2, 0x08, 0x50, 0xF3, 0x1C, 0x98,
0x00, 0x00, 0xAF, 0x43, 0x00, 0x5C, 0xBB, 0x04, 0xA0, 0x4D, 0x02, 0xA6, 0x0B, 0x30, 0x3B, 0x02,
0xF0, 0x1C, 0x18, 0xE8, 0x18, 0x01, 0x70, 0xED, 0x16, 0x80, 0xD6, 0x05, 0xA8, 0x7D, 0x0E, 0x3C,
0x3B, 0x02, 0xF0, 0x1C, 0x18, 0x78, 0x19, 0x02, 0xE0, 0xDA, 0x3D, 0x00, 0x7F, 0xFE, 0x3F, 0xFD,
0x83, 0x35, 0xA6, 0x46, 0x00, 0xA3, 0x00, 0x55, 0x23, 0x00, 0x01, 0x00, 0x5E, 0x84, 0x00, 0xB8,
0xF6, 0x0C, 0xC0, 0xAE, 0x05, 0x98, 0x3D, 0x04, 0x9A, 0x7C, 0x0E, 0x3C, 0x8C, 0x00, 0xFA, 0xF7,
0x00, 0x38, 0x06, 0x01, 0x70, 0xED, 0x11, 0x80, 0xD6, 0x05, 0x58, 0x1C, 0x01, 0x6A, 0x0E, 0x81,
0x08, 0x00, 0xF0, 0x22, 0x04, 0xC0, 0xB5, 0x24, 0x00, 0x7B, 0x16, 0x60, 0x76, 0x04, 0x58, 0x3E,
0x04, 0xD2, 0xBF, 0x05, 0xC0, 0x31, 0x08, 0x80, 0x6B, 0xCF, 0x00, 0xB4, 0x2A, 0xC0, 0x23, 0x01,
0x4D, 0x47, 0x00, 0xFD, 0x3B, 0x00, 0x1C, 0x83, 0x00, 0xB8, 0x36, 0x0A, 0x40, 0x9B, 0x04, 0x98,
0x05, 0xD8, 0x36, 0x02, 0xE8, 0x5F, 0x01, 0xE0, 0x18, 0x04, 0xC0, 0xB5, 0xBF, 0xEC, 0x56, 0x80,
0x96, 0x1F, 0x05, 0xD5, 0xBF, 0x01, 0xC0, 0x31, 0x08, 0x80, 0x6B, 0x49, 0x00, 0xF6, 0x28, 0xC0,
0x10, 0x00, 0xA3, 0x00, 0xE5, 0x23, 0x80, 0xFE, 0x05, 0x00, 0x8E, 0x41, 0x00, 0x5C, 0xFB, 0x8B,
0x8E, 0x00, 0x4D, 0x0A, 0x70, 0x4B, 0x80, 0x3D, 0x02, 0x98, 0x05, 0x58, 0xF8, 0x28, 0xA8, 0xBE,
0x3C, 0x80, 0x63, 0x10, 0x00, 0xD7, 0xD2, 0x00, 0xB4, 0x2E, 0xC0, 0xE2, 0x08, 0x50, 0x7C, 0x08,
0xA4, 0xAF, 0x0E, 0xE0, 0x18, 0x04, 0xC0, 0xB5, 0xBF, 0xE4, 0x23, 0x40, 0x9B, 0x04, 0xE4, 0x05,
0x98, 0x1D, 0x01, 0xE6, 0x0F, 0x81, 0xF4, 0xC5, 0x01, 0x1C, 0x83, 0x00, 0xB8, 0xF6, 0x97, 0xDD,
0x0A, 0xF0, 0xA6, 0x01, 0xD8, 0x30, 0x02, 0xE8, 0x4B, 0x03, 0x38, 0x06, 0x01, 0x70, 0x6D, 0x1C,
0x80, 0xC3, 0x0B, 0x50, 0x38, 0x02, 0xE8, 0x2B, 0x03, 0x38, 0x06, 0x01, 0x70, 0xED, 0x12, 0x00,
0x63, 0x04, 0xF8, 0xAB, 0x7E, 0xDF, 0x2A, 0xCD, 0x3E, 0x0A, 0xAA, 0x2F, 0x0C, 0xE0, 0x18, 0x04,
0xC0, 0xB7, 0x89, 0x11, 0xA0, 0x61, 0x01, 0xD6, 0x8D, 0x00, 0xA3, 0x02, 0xE8, 0xEB, 0x02, 0x38,
0x06, 0x01, 0xF0, 0xED, 0x6F, 0xF6, 0x08, 0xF0, 0x7F, 0x7F, 0x6D, 0x93, 0x00, 0x7B, 0x04, 0x30,
0x0B, 0x30, 0xF9, 0x51, 0xD0, 0x4F, 0x09, 0x00, 0xF0, 0x22, 0x04, 0xC0, 0x37, 0x09, 0xC0, 0x30,
0x02, 0xB4, 0x2B, 0xC0, 0xEC, 0x08, 0x50, 0x74, 0x08, 0xA4, 0x2F, 0x0A, 0xE0, 0x18, 0x04, 0xC0,
0xB7, 0xBF, 0x4D, 0x8F, 0x00, 0x3B, 0x14, 0x60, 0x76, 0x04, 0x98, 0x7E, 0x0E, 0xAC, 0xAF, 0x09,
0xE0, 0x18, 0x04, 0xC0, 0xB7, 0x5B, 0x00, 0x8C, 0x02, 0xFC, 0xB5, 0x55, 0x01, 0xDE, 0xAC, 0x02,
0xD4, 0x8D, 0x00, 0xFA, 0x8A, 0x00, 0x8E, 0x41, 0x00, 0x7C, 0xFB, 0x9B, 0x8E, 0x00, 0x7B, 0x14,
0x60, 0x08, 0x80, 0x51, 0x80, 0x82, 0x11, 0x40, 0x5F, 0x10, 0xC0, 0x31, 0x08, 0x80, 0x6F, 0x7F,
0xCB, 0x0A, 0x90, 0x1E, 0x02, 0xB5, 0x2F, 0x40, 0x1E, 0x80, 0x82, 0xE7, 0xC0, 0xFA, 0x7A, 0x00,
0x8E, 0x41, 0x00, 0x7C, 0xCB, 0x03, 0x30, 0x1A, 0x01, 0x1A, 0x25, 0x60, 0xDD, 0x08, 0xF0, 0x2C,
0x80, 0xBE, 0x1C, 0x80, 0x63, 0x10, 0x00, 0xDF, 0x2E, 0x01, 0x98, 0x1B, 0x01, 0x1A, 0x15, 0x60,
0x48, 0xC0, 0x23, 0x00, 0x25, 0x05, 0x20, 0x00, 0xC0, 0x6B, 0x11, 0x00, 0xDF, 0x8C, 0x00, 0xC8,
0x08, 0xB0, 0x57, 0x01, 0x86, 0x00, 0x2C, 0x3E, 0x07, 0xD6, 0xD7, 0x02, 0x70, 0x0C, 0x02, 0xE0,
0xDB, 0x35, 0x00, 0xF3, 0x23, 0x40, 0xE3, 0x02, 0xAC, 0x18, 0x01, 0xF4, 0xA5, 0x00, 0x1C, 0x83,
0x00, 0xF8, 0x36, 0x04, 0xC0, 0x28, 0xC0, 0x3D, 0x00, 0x8D, 0x0A, 0xF0, 0x48, 0x40, 0x1E, 0x80,
0xA5, 0x11, 0x40, 0x5F, 0x08, 0xC0, 0x31, 0x08, 0x80, 0x6F, 0xB7, 0x00, 0x2C, 0x1C, 0x02, 0xB5,
0x4A, 0xC0, 0x64, 0x01, 0x16, 0x46, 0x00, 0x7D, 0x1D, 0x00, 0xC7, 0x20, 0x00, 0xBE, 0xDD, 0x03,
0xB0, 0x70, 0x08, 0xD4, 0xB6, 0x00, 0xB3, 0x87, 0x40, 0xD6, 0x47, 0x41, 0xF5, 0x65, 0x00, 0x1C,
0x83, 0x00, 0xF8, 0x66, 0x07, 0x20, 0x1F, 0x01, 0x76, 0x29, 0xC0, 0x10, 0x80, 0xF9, 0x43, 0x20,
0x7D, 0x15, 0x00, 0xC7, 0x20, 0x00, 0xBE, 0x3D, 0x02, 0xB0, 0x38, 0x02, 0x34, 0x2A, 0xC0, 0x35,
0x01, 0xB3, 0x23, 0x80, 0x71, 0x08, 0xA4, 0xAF, 0x01, 0xE0, 0x18, 0x04, 0xC0, 0xB7, 0x89, 0x00,
0x18, 0x23, 0xC0, 0x1E, 0x05, 0x28, 0x1C, 0x01, 0xF4, 0x25, 0x00, 0x1C, 0x83, 0x00, 0xF8, 0xF6,
0x0C, 0xC0, 0x72, 0x01, 0xFE, 0xFE, 0x77, 0xFD, 0xE1, 0x75, 0xEA, 0x47, 0x00, 0x7D, 0x05, 0x00,
0xC7, 0x20, 0x00, 0xBE, 0x8D, 0x03, 0x60, 0x1C, 0x02, 0x25, 0x23, 0x40, 0xAB, 0x02, 0xBC, 0xD5,
0x8E, 0x00, 0xFA, 0xF3, 0x00, 0x8E, 0x41, 0x00, 0x7C, 0xFB, 0x47, 0xD5, 0x08, 0xB0, 0x67, 0x01,
0x66, 0x46, 0x00, 0xFD, 0x71, 0x00, 0xC7, 0x20, 0x00, 0xBE, 0x25, 0x01, 0x58, 0x7E, 0x0E, 0xDC,
0xB0, 0x00, 0xB3, 0x87, 0x40, 0xF2, 0x51, 0x50, 0xFD, 0x61, 0x00, 0x07, 0x21, 0x00, 0xBE, 0xFD,
0xA3, 0x66, 0x04, 0x68, 0x58, 0x80, 0xB7, 0x3C, 0x00, 0x93, 0x87, 0x40, 0xFA, 0xA3, 0x00, 0x0E,
0x42, 0x00, 0x7C, 0x4B, 0x03, 0x50, 0x34, 0x02, 0x34, 0x4B, 0x40, 0x5E, 0x80, 0x21, 0x00, 0xE3,
0x02, 0xE8, 0x4F, 0x02, 0x38, 0x08, 0x01, 0xF0, 0xED, 0x1F, 0x3A, 0x02, 0x18, 0x05, 0x18, 0x8F,
0x00, 0xAD, 0x0B, 0xB0, 0x3C, 0x02, 0xE8, 0x0F, 0x02, 0x38, 0x08, 0x01, 0xF0, 0x6D, 0x14, 0x80,
0xE5, 0x43, 0xA0, 0x6B, 0x00, 0x5A, 0x15, 0xE0, 0x9E, 0x00, 0x2B, 0x00, 0xA3, 0x02, 0xE8, 0x8F,
0x01, 0x38, 0x08, 0x01, 0xF0, 0xED, 0x1F, 0x73, 0x05, 0xC8, 0x03, 0xB0, 0x47, 0x01, 0x26, 0x47,
0x80, 0x47, 0x01, 0xF4, 0xA7, 0x00, 0x1C, 0x84, 0x00, 0xF8, 0x76, 0x09, 0x40, 0xCD, 0x73, 0xE0,
0x5B, 0x00, 0xF6, 0x2A, 0x80, 0x3D, 0x02, 0xE8, 0x0F, 0x01, 0x38, 0x08, 0x01, 0xF0, 0x4D, 0x02,
0x30, 0x31, 0x02, 0xE4, 0x05, 0x68, 0x95, 0x80, 0xC9, 0x02, 0x24, 0x23, 0x80, 0xFE, 0x0C, 0x80,
0x83, 0x10, 0x00, 0xDF, 0xAE, 0x01, 0xA8, 0x19, 0x01, 0x5A, 0x17, 0xE0, 0x92, 0x80, 0x21, 0x00,
0xE6, 0x73, 0x60, 0xFD, 0x09, 0x00, 0x07, 0x21, 0x00, 0xBE, 0x69, 0x00, 0xCA, 0x47, 0x80, 0x7D,
0x0A, 0x30, 0x04, 0x60, 0x28, 0x80, 0xFE, 0x00, 0x80, 0x83, 0x10, 0x00, 0xE7, 0xB4, 0x00, 0x85,
0x1F, 0x05, 0x6D, 0x5B, 0x80, 0xF9, 0x11, 0x40, 0xBF, 0x1F, 0xC0, 0x41, 0x08, 0x80, 0x73, 0xB7,
0x00, 0xD4, 0x1C, 0x02, 0x3D, 0x03, 0xD0, 0xAC, 0x00, 0x6F, 0xF3, 0x23, 0x80, 0x7E, 0x37, 0x80,
0x83, 0x10, 0x00, 0xE7, 0xB2, 0x00, 0x54, 0x1C, 0x02, 0xFD, 0xFD, 0x9F, 0xFA, 0x6A, 0x6B, 0x4D,
0x8E, 0x00, 0x97, 0x02, 0xE8, 0x37, 0x03, 0x38, 0x08, 0x01, 0x70, 0xEE, 0x1E, 0x80, 0x9A, 0x11,
0xE0, 0xD0, 0x02, 0x10, 0x00, 0xE0, 0x75, 0x08, 0x80, 0x73, 0x79, 0x00, 0x6A, 0x46, 0x80, 0x76,
0x05, 0x18, 0x12, 0x30, 0x04, 0xE0, 0x5E, 0x00, 0xFD, 0x4E, 0x00, 0x07, 0x21, 0x00, 0xCE, 0x3D,
0x02, 0xB0, 0x76, 0x04, 0xD8, 0xB5, 0x00, 0x04, 0x00, 0x78, 0x29, 0x02, 0xE0, 0x9C, 0x11, 0x80,
0xBA, 0x11, 0xA0, 0x7D, 0x01, 0x74, 0x04, 0xD0, 0xEF, 0x03, 0x70, 0x10, 0x02, 0xE0, 0xDC, 0x33,
0x00, 0xEB, 0x3E, 0x0A, 0xFA, 0xF7, 0x7F, 0xFE, 0xB3, 0x7D, 0x02, 0x08, 0x00, 0xD0, 0x07, 0x02,
0xE0, 0xDC, 0x10, 0x80, 0x9A, 0x43, 0xA0, 0xD1, 0x08, 0xD0, 0xBC, 0x00, 0x32, 0x02, 0xE8, 0x37,
0x01, 0x38, 0x08, 0x01, 0x70, 0xEE, 0x5F, 0x56, 0x00, 0x6A, 0x0E, 0x81, 0x2E, 0x01, 0xD8, 0xAF,
0x00, 0x04, 0x00, 0x78, 0x21, 0x02, 0xE0, 0x5C, 0x12, 0x80, 0x9A, 0x11, 0x40, 0x0A, 0xF0, 0x8D,
0xBE, 0xEC, 0x7A, 0x79, 0x01, 0xF4, 0x3B, 0x00, 0x1C, 0x84, 0x00, 0x38, 0xF7, 0xAF, 0xCD, 0x23,
0xC0, 0x1E, 0x05, 0x18, 0x02, 0xF0, 0x05, 0x01, 0x00, 0x5E, 0x86, 0x00, 0x38, 0x97, 0x06, 0x60,
0xCB, 0x08, 0xF0, 0x4D, 0xBB, 0x04, 0xE8, 0x08, 0xA0, 0x7F, 0x0E, 0xE0, 0x20, 0x04, 0xC0, 0xB9,
0x7F, 0x15, 0x8D, 0x00, 0x46, 0x01, 0x74, 0x04, 0x68, 0x5B, 0x80, 0x74, 0x04, 0xD0, 0x3F, 0x06,
0x70, 0x10, 0x02, 0xE0, 0xDC, 0xBF, 0x26, 0x0A, 0x50, 0xFB, 0x51, 0xD0, 0xA6, 0x05, 0x78, 0x1B,
0x8D, 0x00, 0xFA, 0x87, 0x00, 0x0E, 0x42, 0x00, 0x9C, 0x1B, 0x07, 0xA0, 0xE6, 0x10, 0x28, 0x1F,
0x01, 0x5A, 0x16, 0x20, 0x19, 0x01, 0xF4, 0xCF, 0x00, 0x1C, 0x84, 0x00, 0x38, 0x77, 0x09, 0x80,
0x39, 0x02, 0xD4, 0x3C, 0x07, 0x7E, 0x8C, 0x00, 0xFB, 0x14, 0x40, 0xFF, 0x08, 0xC0, 0x41, 0x08,
0x80, 0x7B, 0xAB, 0x47, 0x80, 0xFC, 0x39, 0x70, 0xD3, 0x04, 0x10, 0x00, 0xE0, 0xD5, 0x08, 0x80,
0x7B, 0x2D, 0x46, 0x80, 0x5D, 0x0B, 0xA0, 0x5F, 0x07, 0x70, 0x10, 0x02, 0xE0, 0xDF, 0xDC, 0x08,
0x60, 0x14, 0x60, 0x61, 0x04, 0x68, 0x5F, 0x00, 0xFD, 0x32, 0x80, 0x83, 0x10, 0x80, 0x00, 0xCA,
0x46, 0x00, 0xA3, 0x00, 0xE6, 0x08, 0xD0, 0xB0, 0x00, 0xB7, 0x04, 0xE8, 0x17, 0x01, 0x1C, 0x84,
0x00, 0x44, 0x50, 0x56, 0x80, 0x3C, 0x00, 0xD6, 0x73, 0xE0, 0xF6, 0x05, 0xD0, 0xAF, 0x01, 0x38,
0x08, 0x01, 0x88, 0x61, 0xFA, 0x10, 0x68, 0x76, 0x04, 0xB0, 0x0F, 0x81, 0x1A, 0x17, 0x40, 0xBF,
0x04, 0xE0, 0x20, 0x04, 0x20, 0x88, 0x9A, 0x11, 0x60, 0xF1, 0x10, 0xA8, 0x65, 0x02, 0x08, 0x00,
0xF0, 0x32, 0x04, 0x20, 0x8A, 0xA6, 0x23, 0x40, 0xCB, 0x02, 0x00, 0x78, 0x15, 0x02, 0x10, 0x86,
0x15, 0x80, 0xF5, 0x23, 0x00, 0x05, 0x00, 0xCE, 0x8F, 0x00, 0xC4, 0x61, 0x15, 0x60, 0xE5, 0x47,
0x41, 0x29, 0x00, 0xE0, 0x01, 0x01, 0x08, 0x64, 0xAA, 0x00, 0x43, 0x00, 0x8C, 0x02, 0x4C, 0x8E,
0x00, 0x5F, 0xEB, 0xCB, 0x03, 0x38, 0x19, 0x02, 0x10, 0x89, 0x11, 0x80, 0x9A, 0x43, 0xA0, 0xF4,
0xA3, 0xA0, 0x97, 0x02, 0x90, 0x00, 0xE0, 0xDC, 0x08, 0x40, 0x2C, 0x79, 0x01, 0x16, 0x47, 0x80,
0xE9, 0x43, 0x20, 0x0A, 0x00, 0x9C, 0x1B, 0x01, 0x08, 0x26, 0x0B, 0x40, 0xCD, 0x08, 0xA0, 0x87,
0x40, 0x14, 0x00, 0x38, 0x35, 0x02, 0x10, 0x4D, 0x56, 0x80, 0x4D, 0x23, 0x00, 0x05, 0x00, 0x4E,
0x8C, 0x00, 0x84, 0xA3, 0x01, 0xD8, 0x36, 0x02, 0x50, 0x00, 0xE0, 0xBC, 0x08, 0x40, 0x3C, 0x5A,
0x80, 0x0D, 0x1F, 0x05, 0xBD, 0x14, 0x80, 0x04, 0x00, 0x67, 0x45, 0x00, 0x02, 0xB2, 0x0A, 0x30,
0x04, 0xC0, 0x28, 0xC0, 0xEC, 0x08, 0x40, 0x01, 0x80, 0xB3, 0x22, 0x00, 0x11, 0x6D, 0x38, 0x04,
0xCA, 0x3E, 0x0A, 0x4A, 0x01, 0x80, 0xD3, 0x22, 0x00, 0x31, 0x55, 0x8E, 0x00, 0x0B, 0x87, 0x40,
0x14, 0x00, 0x38, 0x25, 0x02, 0x10, 0xD4, 0xEA, 0x11, 0xC0, 0x3C, 0x04, 0xA2, 0x00, 0xC0, 0x19,
0x11, 0x80, 0xA8, 0xB2, 0x11, 0xC0, 0x28, 0x40, 0xF9, 0x08, 0x40, 0x02, 0x80, 0x13, 0x22, 0x00,
0x61, 0xCD, 0x8C, 0x00, 0x46, 0x01, 0x96, 0x46, 0x00, 0x0A, 0x00, 0x9C, 0x0F, 0x01, 0x88, 0x6B,
0xCB, 0x08, 0x40, 0x01, 0x00, 0x07, 0x08, 0x40, 0x60, 0x5A, 0x80, 0x75, 0x23, 0x00, 0x05, 0x00,
0xCE, 0x8A, 0x00, 0x44, 0x36, 0x7D, 0x08, 0xF4, 0x08, 0x80, 0x59, 0x80, 0xA9, 0x11, 0x80, 0x02,
0x00, 0xE7, 0x42, 0x00, 0x62, 0x9B, 0x0A, 0x80, 0x31, 0x02, 0x2C, 0x3F, 0x07, 0xFE, 0xFA, 0xEB,
0xAF, 0xF4, 0xF5, 0x01, 0x74, 0x8C, 0x00, 0x04, 0x37, 0x55, 0x80, 0xD9, 0x11, 0x60, 0xEA, 0x39,
0x30, 0x05, 0x00, 0x4E, 0x85, 0x00, 0x44, 0x37, 0x0A, 0x80, 0x51, 0x80, 0xCA, 0x11, 0x80, 0x02,
0x00, 0xE7, 0x41, 0x00, 0xC2, 0x9B, 0x18, 0x01, 0x8C, 0x02, 0x14, 0x8D, 0x00, 0x14, 0x00, 0x38,
0x0D, 0x02, 0x80, 0x89, 0x02, 0xE4, 0x01, 0x28, 0x79, 0x0E, 0xFC, 0x15, 0x05, 0x00, 0x4E, 0x83,
0x00, 0xE0, 0x59, 0x80, 0xC5, 0x11, 0xA0, 0xEC, 0x10, 0x88, 0x04, 0x00, 0x27, 0x41, 0x00, 0x30,
0x55, 0x80, 0x47, 0x00, 0xAA, 0x0F, 0x81, 0x28, 0x00, 0x70, 0x0E, 0x04, 0x00, 0x43, 0x01, 0x9A,
0x8D, 0x00, 0x14, 0x00, 0x38, 0x03, 0x02, 0x80, 0x2B, 0xAB, 0x00, 0x8C, 0x00, 0x80, 0x6F, 0x04,
0x00, 0x37, 0xCF, 0x00, 0x18, 0x05, 0x60, 0x04, 0x00, 0x5C, 0x22, 0x00, 0xB8, 0x33, 0x46, 0x00,
0xA3, 0x00, 0x8C, 0x00, 0x80, 0x1F, 0x04, 0x00, 0x0F, 0x46, 0x01, 0x66, 0x0F, 0x81, 0xF8, 0x28,
0x28, 0x70, 0x72, 0x04, 0x00, 0x4F, 0x79, 0x00, 0x8C, 0x11, 0xA0, 0xE4, 0x10, 0x48, 0x5F, 0x18,
0x40, 0x97, 0x08, 0x00, 0x06, 0x79, 0x01, 0x66, 0x47, 0x80, 0xA9, 0x43, 0x20, 0x7D, 0x59, 0x00,
0x7D, 0x22, 0x00, 0x48, 0x64, 0x01, 0x58, 0x31, 0x02, 0xE8, 0x6B, 0x02, 0xE8, 0x15, 0x01, 0xC0,
0x88, 0x16, 0xA0, 0x7A, 0x04, 0xD0, 0x17, 0x04, 0xD0, 0x2D, 0x02, 0x80, 0xB1, 0x6D, 0x1F, 0x05,
0xD5, 0x57, 0x03, 0xD0, 0x31, 0x02, 0x00, 0xB1, 0x7C, 0x08, 0x34, 0x39, 0x02, 0x7C, 0xA3, 0xAF,
0x05, 0xA0, 0x67, 0x04, 0x00, 0xAA, 0xE6, 0x10, 0x68, 0xFC, 0x51, 0x50, 0x7D, 0x25, 0x00, 0x5D,
0x23, 0x00, 0xC8, 0x2C, 0x8E, 0x00, 0xF6, 0x21, 0x90, 0xBE, 0x0C, 0x80, 0xCE, 0x11, 0x00, 0xE4,
0x2A, 0x46, 0x80, 0xA1, 0x00, 0xFA, 0x22, 0x00, 0x7A, 0x47, 0x00, 0x60, 0xB0, 0x0B, 0x30, 0x37,
0x02, 0xE8, 0x2B, 0x00, 0xE8, 0x1F, 0x01, 0x80, 0x69, 0xE1, 0x10, 0x48, 0x47, 0x00, 0xFD, 0x71,
0x00, 0x27, 0x40, 0x00, 0x60, 0xAB, 0x19, 0x01, 0xF4, 0x67, 0x01, 0x9C, 0x02, 0x01, 0xC0, 0x84,
0xF2, 0x11, 0x40, 0x7F, 0x12, 0xC0, 0x39, 0x10, 0x00, 0x4C, 0x31, 0x46, 0x00, 0xAB, 0x00, 0xFA,
0x63, 0x00, 0xCE, 0x82, 0x00, 0x60, 0xD2, 0xEC, 0x08, 0xF0, 0x28, 0x80, 0xFE, 0x10, 0x80, 0xD3,
0x20, 0x00, 0x98, 0x96, 0x07, 0x40, 0x47, 0x00, 0xFD, 0x09, 0x00, 0x27, 0x42, 0x00, 0x30, 0x23,
0x2F, 0xC0, 0x78, 0x04, 0xD0, 0xEF, 0x07, 0x70, 0x26, 0x04, 0x00, 0xB3, 0x66, 0x0A, 0xC0, 0xFE,
0x0F, 0x9C, 0x1C, 0x01, 0xC0, 0x3C, 0x0D, 0xC0, 0x50, 0x00, 0xFD, 0x4E, 0x00, 0x27, 0x43, 0x00,
0xB0, 0x40, 0x0B, 0xC0, 0xFE, 0x0F, 0x78, 0x41, 0x00, 0xB0, 0xC4, 0x1C, 0x01, 0xF4, 0x9B, 0x00,
0x9C, 0x0F, 0x01, 0xC0, 0x22, 0x63, 0x04, 0xD0, 0x6F, 0x01, 0x70, 0x42, 0x04, 0xC0, 0xBB, 0x7F,
0xFF, 0x5B, 0xBF, 0x52, 0x4F, 0x47, 0x00, 0xFD, 0x73, 0x00, 0xA7, 0x44, 0x00, 0xBC, 0xFB, 0xF7,
0xBF, 0x1B, 0x24, 0x60, 0x5C, 0x00, 0xFD, 0x53, 0x00, 0xE7, 0x44, 0x00, 0xBC, 0xBB, 0x04, 0x60,
0x7B, 0x01, 0x6E, 0x09, 0x60, 0xFB, 0x07, 0x5C, 0x21, 0x00, 0xDE, 0xFD, 0xA7, 0x61, 0x01, 0xD8,
0xFF, 0x01, 0x57, 0x08, 0x80, 0x77, 0xFF, 0x69, 0x5B, 0x00, 0xFD, 0x2A, 0x80, 0xF3, 0x22, 0x00,
0xDE, 0xDD, 0x03, 0xD0, 0x26, 0x01, 0xFA, 0x15, 0x00, 0x67, 0x46, 0x00, 0xBC, 0xFB, 0x4F, 0xC3,
0x02, 0x00, 0x70, 0x85, 0x00, 0x78, 0x37, 0x04, 0x80, 0x02, 0x00, 0x18, 0x21, 0x00, 0xDE, 0xFD,
0x87, 0x02, 0x00, 0xB0, 0x11, 0x00, 0xEF, 0xD2, 0x00, 0x50, 0x00, 0x00, 0x09, 0x02, 0xE0, 0xDD,
0x25, 0x00, 0x14, 0x00, 0x80, 0x81, 0x00, 0xB8, 0x37, 0x2E, 0x00, 0x09, 0x00, 0xF0, 0x40, 0x00,
0xDC, 0x93, 0x00, 0x50, 0x00, 0x00, 0x77, 0x04, 0xC0, 0xBD, 0x6B, 0x00, 0x92, 0x02, 0xFC, 0x57,
0xBF, 0x01, 0x40, 0x50, 0x04, 0xC0, 0x3D, 0x0D, 0x00, 0x05, 0x00, 0x70, 0x43, 0x00, 0xFC, 0xD3,
0x02, 0xFC, 0x97, 0x02, 0x00, 0xB8, 0x20, 0x00, 0xFE, 0xDD, 0x02, 0x40, 0x01, 0x00, 0x08, 0x02,
0xE0, 0x5F, 0x16, 0x00, 0x0A, 0x00, 0xE0, 0x82, 0x00, 0x04, 0x90, 0x15, 0xE0, 0xBF, 0xFF, 0x25,
0x01, 0x00, 0x08, 0x40, 0x04, 0x59, 0x00, 0x28, 0x00, 0x00, 0x02, 0x10, 0x44, 0x56, 0x80, 0x4B,
0x00, 0x28, 0x00, 0x10, 0x1D, 0x01, 0x88, 0x20, 0x0B, 0x00, 0x05, 0x00, 0x40, 0x00, 0x82, 0xC8,
0x0A, 0x70, 0x0D, 0x00, 0x05, 0x00, 0x62, 0x23, 0x00, 0x21, 0xDC, 0x03, 0x40, 0x01, 0x00, 0x24,
0x08, 0x40, 0x0C, 0x59, 0x00, 0xEE, 0x05, 0x20, 0x01, 0x40, 0x60, 0x04, 0x20, 0x88, 0xAC, 0x00,
0xF7, 0x00, 0x50, 0x00, 0x20, 0x2E, 0x02, 0x10, 0x44, 0x16, 0x00, 0x0A, 0x00, 0x84, 0x47, 0x00,
0xA2, 0xC8, 0x0A, 0xF0, 0x08, 0x00, 0x05, 0x00, 0xA2, 0x22, 0x00, 0x61, 0x68, 0x00, 0x18, 0x01,
0x80, 0xE8, 0x08, 0x40, 0x1C, 0x5A, 0x00, 0x46, 0x00, 0x20, 0x38, 0x02, 0x10, 0xC8, 0x54, 0x01,
0xF4, 0xFB, 0x00, 0xC4, 0x40, 0x00, 0x22, 0xB1, 0x0F, 0x81, 0xF4, 0xBB, 0x00, 0x04, 0x41, 0x00,
0x42, 0xB1, 0x46, 0x00, 0xFD, 0x1E, 0x00, 0x51, 0x10, 0x80, 0x58, 0xF2, 0x11, 0x40, 0xBF, 0x03,
0x40, 0x18, 0x04, 0x20, 0x9A, 0xF1, 0x08, 0xA0, 0x7F, 0x0A, 0x20, 0x10, 0x02, 0x10, 0x4E, 0x12,
0x00, 0xFD, 0x23, 0x00, 0xA1, 0x10, 0x80, 0x78, 0x6E, 0x05, 0xD0, 0xAF, 0x02, 0x08, 0x87, 0x00,
0x00, 0x40, 0x50, 0x04, 0x00, 0x00, 0x82, 0x22, 0x00, 0x00, 0x10, 0x14, 0x01, 0x00, 0x80, 0xA0,
0x08, 0x00, 0x00, 0x04, 0x45, 0x00, 0x00, 0x20, 0x28, 0x02, 0x00, 0x00, 0x41, 0x11, 0x00, 0x00,
0x08, 0x8A, 0x00, 0x00, 0x40, 0x50, 0x04, 0x00, 0x00, 0x82, 0x22, 0x00, 0x00, 0x10, 0x14, 0x01,
0x00, 0x80, 0xA0, 0x08, 0x00, 0x00, 0x04, 0x45, 0x00, 0x00, 0x20, 0x28, 0x02, 0x00, 0x00, 0x41,
0x11, 0x00, 0x00, 0x08, 0x8A, 0x00, 0x00, 0x40, 0x50, 0x04, 0x00, 0x00, 0x82, 0x22, 0x00, 0x00,
0x10, 0x14, 0x01, 0x00, 0x80, 0xA0, 0x08, 0x00, 0x00, 0x04, 0x45, 0x00, 0x00, 0x20, 0x28, 0x02,
0x00, 0x00, 0x41, 0x11, 0x00, 0x00, 0x08, 0x8A, 0x00, 0x00, 0x40, 0x50, 0x04, 0x00, 0x00, 0x82,
0x22, 0x00, 0x00, 0x10, 0x14, 0x01, 0x00, 0x80, 0xA0, 0x08, 0x00, 0x00, 0x04, 0x45, 0x00, 0x00,
0x20, 0x28, 0x02, 0x00, 0x00, 0x41, 0x11, 0x00, 0x00, 0x08, 0x8A, 0x00, 0x00, 0x40, 0x50, 0x04,
0x00, 0x00, 0x82, 0x22, 0x00, 0x00, 0x10, 0x14, 0x01, 0x00, 0x80, 0xA0, 0x08, 0x00, 0x00, 0x04,
0x45, 0x00, 0x00, 0x20, 0x28, 0x02, 0x00, 0x00, 0x41, 0x11, 0x00, 0x00, 0x08, 0x8A, 0x00, 0x00,
0x40, 0x50, 0x04, 0x00, 0x00, 0x82, 0x22, 0x00, 0x00, 0x10, 0x14, 0x01, 0x00, 0x80, 0xA0, 0x08,
0x00, 0x00, 0x04, 0x45, 0x00, 0x00, 0x20, 0x28, 0x02, 0x00, 0x00, 0x41, 0x11, 0x00, 0x00, 0x08,
0x8A, 0x00, 0x00, 0x40, 0x50, 0x04, 0x00, 0x00, 0x82, 0x22, 0x00, 0x00, 0x10, 0x14, 0x01, 0x00,
0x80, 0xA0, 0x08, 0x00, 0x00, 0x04, 0x45, 0x00, 0x00, 0x20, 0x28, 0x02, 0x00, 0x00, 0x41, 0x11,
0x00, 0x00, 0x08, 0x8A, 0x00, 0x00, 0x40, 0x50, 0x04, 0x00, 0x00, 0x82, 0x22, 0x00, 0x00, 0x10,
0x14, 0x01, 0x00, 0x80, 0xA0, 0x08, 0x00, 0x00, 0x04, 0x45, 0x00, 0x00, 0x20, 0x28, 0x02, 0x00,
0x00, 0x41, 0x11, 0x00, 0x00, 0x08, 0x8A, 0x00, 0x00, 0x40, 0x50, 0x04, 0x00, 0x00, 0x82, 0x22,
0x00, 0x00, 0x10, 0x14, 0x01, 0x00, 0x80, 0xA0, 0x08, 0x00, 0x00, 0x04, 0x45, 0x00, 0x00, 0x20,
0x28, 0x02, 0x00, 0x00, 0x41, 0x11, 0x00, 0x00, 0x08, 0x8A, 0x00, 0x00, 0x40, 0x50, 0x04, 0x00,
0x00, 0x82, 0x22, 0x00, 0x00, 0x10, 0x14, 0x01, 0x00, 0x80, 0xA0, 0x08, 0x00, 0x00, 0x04, 0x45,
0x00, 0x00, 0x20, 0x28, 0x02, 0x00, 0x00, 0x41, 0x11, 0x00, 0x00, 0x08, 0x8A, 0x00, 0x00, 0x40,
0x50, 0x04, 0x00, 0x00, 0x82, 0x22, 0x00, 0x00, 0x10, 0x14, 0x01, 0x00, 0x80, 0xA0, 0x08, 0x00,
0x00, 0x04, 0x45, 0x00, 0x00, 0x20, 0x28, 0x02, 0x00, 0x00, 0x41, 0x11, 0x00, 0x00, 0x08, 0x8A,
0x00, 0x00, 0x40, 0x50, 0x04, 0x00, 0x00, 0x82, 0x22, 0x00, 0x00, 0x10, 0x14, 0x01, 0x00, 0x80,
0xA0, 0x08, 0x00, 0x00, 0x04, 0x45, 0x00, 0x00, 0x20, 0x28, 0x02, 0x00, 0x00, 0x41, 0x11, 0x00,
0x00, 0x08, 0x8A, 0x00, 0x00, 0x40, 0x50, 0x04, 0x00, 0x00, 0x82, 0x22, 0x00, 0x00, 0x10, 0x14,
0x01, 0x00, 0x80, 0xA0, 0x08, 0x00, 0x00, 0x04, 0x45, 0x00, 0x00, 0x20, 0x28, 0x02, 0x00, 0x00,
0x41, 0x11, 0x00, 0x00, 0x08, 0x8A, 0x00, 0x00, 0x40, 0x50, 0x04, 0x00, 0x00, 0x82, 0x22, 0x00,
0x00, 0x10, 0x14, 0x01, 0x00, 0x80, 0xA0, 0x08, 0x00, 0x00, 0x04, 0x45, 0x00, 0x00, 0x20, 0x28,
0x02, 0x00, 0x00, 0x41, 0x11, 0x00, 0x00, 0x08, 0x8A, 0x00, 0x00, 0x40, 0x50, 0x04, 0x00, 0x00,
0x82, 0x22, 0x00, 0x00, 0x10, 0x14, 0x01, 0x00, 0x80, 0xA0, 0x08, 0x00, 0x00, 0x04, 0x45, 0x00,
0x00, 0x20, 0x28, 0x02, 0x00, 0x00, 0x41, 0x11, 0x00, 0x00, 0x08, 0x8A, 0x00, 0x00, 0x40, 0x50,
0x04, 0x00, 0x00, 0x82, 0x22, 0x00, 0x00, 0x10, 0x14, 0x01, 0x00, 0x80, 0xA0, 0x08, 0x00, 0x00,
0x04, 0x45, 0x00, 0x00, 0x20, 0x28, 0x02, 0x00, 0x00, 0x41, 0x11, 0x00, 0x00, 0x08, 0x8A, 0x00,
0x00, 0x40, 0x50, 0x04, 0x00, 0x00, 0x82, 0x22, 0x00, 0x00, 0x10, 0x14, 0x01, 0x00, 0x80, 0xA0,
0x08, 0x00, 0x00, 0x04, 0x45, 0x00, 0x00, 0x20, 0x28, 0x02, 0x00, 0x00, 0x41, 0x11, 0x00, 0x00,
0x08, 0x8A, 0x00, 0x00, 0x40, 0x50, 0x04, 0x00, 0x00, 0x82, 0x22, 0x00, 0x00, 0x10, 0x14, 0x01,
0x00, 0x80, 0xA0, 0x08, 0x00, 0x00, 0x04, 0x45, 0x00, 0x00, 0x20, 0x28, 0x02, 0x00, 0x00, 0x41,
0x11, 0x00, 0x00, 0x08, 0x8A, 0x00, 0x00, 0x40, 0x50, 0x04, 0x00, 0x00, 0x82, 0x22, 0x00, 0x00,
0x10, 0x14, 0x01, 0x00, 0x80, 0xA0, 0xFE, 0x3F, 0xAB, 0x13, 0x50, 0xE9, 0x8B, 0x6E, 0xB7, 0x25,
0x00, 0x00, 0x00, 0x00, 0x49, 0x45, 0x4E, 0x44, 0xAE, 0x42, 0x60, 0x82
};